num_jobs,active_roles,total_experience_months,avg_job_duration_months,max_job_duration_months,current_title,department,seniority,current_org,predicted_department,predicted_seniority
6,5,613,102.16666666666669,229,Prokurist,Other,Management,Depot4Design GmbH,Unknown,Unknown
8,1,278,34.75,56,Solutions Architect,Information Technology,Professional,Computer Solutions,Information Technology,Unknown
3,1,462,154.0,428,Medizintechnik Beratung,Consulting,Professional,Udo Weber,Unknown,Unknown
7,3,511,73.0,180,Director expansi√≥n de negocio.,Business Development,Director,Grupo Viajes Kontiki.,Unknown,Director
8,1,76,9.5,76,"APL-ansvarig, samordning",Administrative,Lead,Himmelstalunds Utbildningscentrum,Unknown,Unknown
2,1,339,169.5,223,Kaufm√§nnischer Leiter,Sales,Lead,FSD Fahrzeugsystemdaten GmbH,Information Technology,Lead
1,1,0,0.0,0,Lab-Supervisor,Other,Lead,MacDermid Enthone Industrial Solutions,Unknown,Unknown
7,1,177,25.285714285714285,42,Human Resources Generalist,Human Resources,Professional,Boise Cascade Company,Unknown,Unknown
5,1,221,44.2,119,Managing Director,Other,Management,PhoboSys GmbH,Unknown,Director
5,5,1555,311.0,311,Set Lighting,Other,Professional,Twentieth Century Fox,Unknown,Unknown
2,1,293,146.5,199,Projektmanager,Project Management,Professional,msg systems ag,Project Management,Senior
1,1,96,96.0,96,Leistungssachbearbeiter SGB II,Other,Professional,Landeshauptstadt Wiesbaden,Information Technology,Unknown
2,1,202,101.0,143,energy and sustainability consultant bei,Consulting,Professional,ee concept gmbh,Consulting,Senior
1,1,75,75.0,75,Purchasing Manager,Purchasing,Professional,ACCOPPIATURA DI ASOLO S.P.A.,Purchasing,Senior
1,1,245,245.0,245,Gesch√§ftsf√ºhrer,Other,Management,Team J√∂sten,Unknown,Management
4,1,137,34.25,51,Senior Project Manager,Project Management,Senior,Swiss Life Asset Managers Deutschland,Project Management,Senior
6,1,384,64.0,107,Dr. phil.,Other,Professional,Selbstst√§ndig,Unknown,Unknown
3,2,339,113.0,167,"Gesch√§ftsf√ºhrer, CMO",Marketing,Management,Thurm GmbH,Unknown,Management
3,1,737,245.66666666666663,353,Bereichsleiter Maschinen,Other,Lead,Vorruhestand,Information Technology,Lead
1,1,267,267.0,267,Principal RF Design Engineer,Information Technology,Senior,Etse Electronics (Pty) Ltd,Unknown,Senior
6,1,214,35.666666666666664,60,Physician Assistant,Other,Professional,Tallahassee Orthopedic Clinic,Unknown,Senior
5,3,982,196.4,287,CEO/Founder,Other,Management,ESBA Horti Solutions BV,Unknown,Management
2,1,400,200.0,400,Qualifizierter Kreditsachbearbeiter im risikorelevanten Kreditgesch√§ft,Other,Professional,VR Bank Lahn-Dill,Information Technology,Unknown
2,1,339,169.5,330,Director,Other,Director,Consultant Juridique International Ltd,Unknown,Director
2,1,100,50.0,51,IT Systems and Network Engineer,Information Technology,Professional,TALLY WEiJL,Information Technology,Senior
3,3,510,170.0,279,IT-Teamleiter,Information Technology,Lead,ALIUD PHARMA GmbH,Information Technology,Lead
9,1,398,44.22222222222222,123,Senior Project Manager,Project Management,Senior,Hypergene,Project Management,Senior
6,1,322,53.66666666666666,82,Head of HR/CHRO,Human Resources,Lead,Giesecke+Devrient,Unknown,Lead
3,1,46,15.333333333333334,28,Human Resources Consultant,Consulting,Professional,Quest ontheFRONTIER,Consulting,Senior
5,1,249,49.8,154,Managing Director,Other,Management,Exelonix GmbH,Unknown,Director
4,1,60,15.0,26,Product Manager,Project Management,Professional,FRANK GmbH,Unknown,Senior
7,2,75,10.714285714285714,21,Reporter,Other,Professional,Norra Halland,Unknown,Unknown
7,1,198,28.285714285714285,58,Gesch√§ftsf√ºhrer,Other,Management,EnBet Consulting,Unknown,Management
6,3,61,10.166666666666666,40,Member of the Advisory Board,Other,Management,DigitalNativeAlliance,Unknown,Unknown
3,1,128,42.66666666666666,78,Gesch√§ftsf√ºhrer,Other,Management,Wehner Consulting GmbH,Unknown,Management
1,1,443,443.0,443,Director Sales,Sales,Director,Kampffmeyer Food Innovation GmbH,Sales,Director
12,1,254,21.166666666666668,47,Sub-Stream Lead Simplify | Turnaround Programs,Project Management,Lead,Lufthansa,Unknown,Unknown
4,1,573,143.25,346,Chief Revenue Officer (CRO),Sales,Management,noury AG,Unknown,Management
11,1,258,23.454545454545453,93,Business Development Manager,Business Development,Professional,Nordson Adhesive Dispensing Systems,Business Development,Senior
7,1,118,16.857142857142858,54,Projektleiterin Bildung,Other,Lead,myclimate,Project Management,Lead
4,1,0,0.0,0,Co Owner,Other,Management,Dreamcatcher Alley,Unknown,Management
14,1,22,1.5714285714285714,13,"Practice Leader, Data Valorization Strategy",Consulting,Lead,Desjardins,Unknown,Unknown
4,1,154,38.5,70,i≈ü g√ºvenliƒüi,Other,Professional,Sedef Shipbuilding Inc.,Unknown,Unknown
16,2,610,38.125,190,Gesch√§ftsf√ºhrer bei Giganet Services GmbH,Other,Management,Giganet Services GmbH,Unknown,Management
9,1,289,32.111111111111114,92,Strategic Design Director,Marketing,Director,moodley,Unknown,Director
2,2,260,130.0,246,Museumsp√§dagoge,Other,Professional,FC Bayern M√ºnchen,Unknown,Unknown
9,1,165,18.33333333333333,38,Technical Team Lead,Information Technology,Lead,Nextwo Co.,Unknown,Unknown
1,1,0,0.0,0,Managing Director,Other,Management,WIDMER Skippers,Unknown,Director
1,1,395,395.0,395,Gesellschafter,Other,Management,Augustin Entsorgung Holding GnbH,Unknown,Unknown
2,1,241,120.5,207,Maschinenbautechniker,Other,Professional,VTA Verfahrenstechnische Anlagen GmbH & Co. KG,Unknown,Unknown
3,1,244,81.33333333333333,131,Technical Customer Service Manager - Flexible Packaging,Customer Support,Lead,Henkel,Unknown,Senior
2,1,71,35.5,36,Java Software Engineer,Information Technology,Professional,Selecty,Unknown,Senior
8,1,167,20.875,44,New Business Manager,Business Development,Lead,Fieldspace Property Group,Business Development,Senior
9,1,140,15.555555555555555,30,Strategic Engagement Manager,Business Development,Lead,Atlassian,Unknown,Senior
2,1,0,0.0,0,Projektmanager,Project Management,Professional,EDAG Engineering GmbH,Project Management,Senior
9,2,248,27.55555555555556,87,Head of aws Preseed and Seedfinancing - Innovative Solutions,Other,Lead,Austria Wirtschaftsservice,Unknown,Lead
7,1,241,34.42857142857143,88,Director of Product Management,Project Management,Director,Murata Vios,Unknown,Senior
4,1,343,85.75,242,Executive Director of Therapies and Developmental Services,Other,Director,Children's Wisconsin,Unknown,Director
9,1,356,39.55555555555556,101,Projektmanager,Project Management,Professional,Axians NEO Solutions & Technology GmbH,Project Management,Senior
5,1,148,29.6,64,Project Engineer Process Technology - Future Farming,Information Technology,Professional,K√∂rber Technologies,Project Management,Senior
7,2,674,96.28571428571428,179,Kurucu Ortak,Other,Management,SOR Eƒüitim Danƒ±≈ümanlƒ±k,Unknown,Unknown
6,1,344,57.333333333333336,210,Digital Marketing Manager,Marketing,Professional,Cranfield University School of Management,Marketing,Senior
16,8,1280,80.0,232,Trainer/docent,Human Resources,Professional,Hogeschool Utrecht,Unknown,Unknown
9,2,184,20.444444444444443,62,Procurement Manager Strategische Inkoop,Purchasing,Professional,Byldis,Unknown,Senior
3,1,124,41.333333333333336,77,Partner,Business Development,Management,R√ºdis√ºhli Rechtsanw√§lte Part mbB,Unknown,Unknown
7,1,238,34.0,88,Lead Naval Architect,Other,Lead,Naval Sea Systems Command (NAVSEA) SUPSHIP San Diego,Information Technology,Unknown
1,1,448,448.0,448,Inside Sales,Sales,Professional,Nidec Control Techniques,Sales,Unknown
6,1,369,61.5,95,Key-Account-Manager,Sales,Professional,"Detlef Meyer ""DM108.de - LEH Vertrieb""",Sales,Senior
3,1,287,95.66666666666669,169,Managing Director,Other,Management,s h e d,Unknown,Director
1,1,202,202.0,202,Berufskraftfahrer,Other,Professional,Paul Schockem√∂hle Logistics GmbH & Co. KG,Unknown,Unknown
5,1,0,0.0,0,Head of Glass Technology,Other,Lead,HEINZ-GLAS Produktion GmbH & Co KGaA,Unknown,Lead
6,1,218,36.333333333333336,65,Key-Account-Manager,Sales,Professional,Nagel-Group,Sales,Senior
1,1,254,254.0,254,Accounting Manager,Other,Lead,Dow Jones Local Media Group,Unknown,Senior
1,1,142,142.0,142,Interims Technical Manager,Information Technology,Lead,TTS NMF GmbH,Unknown,Senior
5,1,128,25.6,44,Project Manager,Project Management,Professional,"MADELINE STUART & ASSOCIATES, INC.",Project Management,Senior
7,1,93,13.285714285714286,36,Management Consultant Information Security and Privacy,Consulting,Professional,Cassini Consulting AG,Consulting,Senior
3,1,72,24.0,48,B√ºroleiter | Pressesprecher,Administrative,Lead,Dr. Zanda Martens MdB | B√ºro D√ºsseldorf,Information Technology,Lead
7,1,522,74.57142857142857,243,Departementssekret√§r Finanz,Other,Professional,Stadt Zug,Unknown,Unknown
3,1,268,89.33333333333333,131,Managing Director,Other,Management,Aximpro,Unknown,Director
8,2,282,35.25,86,Lehrbeauftragter,Consulting,Lead,Berner Fachhochschule BFH,Unknown,Unknown
7,1,115,16.428571428571427,36,Manager | Mergers & Acquisitions,Other,Professional,Deloitte,Information Technology,Senior
3,1,286,95.33333333333331,180,Technical Transfer Leader,Consulting,Lead,Roche Pharmaceuticals,Unknown,Unknown
7,1,598,85.42857142857143,276,Account manager / S√¶lger Helly Hansen Workwear Sj√¶lland & Bornholm,Sales,Professional,Helly Hansen,Sales,Senior
1,1,263,263.0,263,Gesch√§ftsf√ºhrender Gesellschafter,Other,Management,agn Gruppe,Unknown,Management
1,1,358,358.0,358,Director,Other,Director,Peter van Setten Transport B.V.,Unknown,Director
4,1,274,68.5,147,Unternehmensinhaber,Other,Management,Herz Transporte und Spedition,Unknown,Unknown
8,1,382,47.75,92,"Board Member, CFO / Asset Management",Other,Management,KZVK,Unknown,Senior
4,2,162,40.5,76,CEO,Other,Management,Tirol Werbung,Unknown,Management
9,1,183,20.33333333333333,43,Finance - AWS Global Private Pricing,Other,Professional,Amazon Web Services (AWS),Unknown,Unknown
3,1,88,29.33333333333333,65,Software Developer,Information Technology,Professional,Harmonic,Unknown,Unknown
10,1,198,19.8,74,Vice President Global Head Order Processing / Prokurist,Other,Management,SSI SCH√ÑFER,Unknown,Management
1,1,410,410.0,410,CEO Morgenpost & TAG 24 | Vertriebsleiter S√§chsische Zeitung / Lesermark | CEO MVD √ñkoflitzer,Other,Lead,DDV Mediengruppe,Sales,Lead
3,2,576,192.0,279,Styreleder / Partner,Other,Management,Hellemyr Eiendom AS,Unknown,Unknown
9,1,205,22.77777777777778,72,Projektleiter Qualit√§t HV-Batterie,Project Management,Lead,Mercedes-Benz AG,Project Management,Lead
8,1,329,41.125,70,Global Director Head of Portfolio and Business Development Global Service,Business Development,Director,Giesecke+Devrient,Business Development,Director
4,1,146,36.5,78,Summer Camp Counselor,Other,Professional,Thayer Academy,Unknown,Unknown
5,2,424,84.8,179,Project Lead for Swap Re-engineering Project,Project Management,Lead,Davidson Kempner Capital Management,Project Management,Senior
6,4,749,124.83333333333331,203,Kanzler / CFO,Other,Management,Frankfurt School of Finance & Management,Unknown,Unknown
5,2,720,144.0,366,Personalleiter,Human Resources,Lead,Lebenhilfe Augsburg,Information Technology,Lead
5,2,388,77.6,160,Assistant Director of Prospect Management and Data Analytics,Other,Director,The Johns Hopkins University,Unknown,Senior
3,1,332,110.66666666666669,291,"Klavierlehrer, Korrepetitor",Other,Professional,Jugendmusikschule W√ºrttembergisches Allg√§u,Information Technology,Unknown
4,1,238,59.5,238,Managing Partner / Group Managing Board,Other,Management,Alexander Hughes Germany / Alexander Hughes International,Unknown,Senior
7,1,181,25.857142857142858,100,Manager,Other,Professional,Queensland Corrective Services,Unknown,Senior
16,1,779,48.6875,167,Founder and Senior Partner,Consulting,Management,Black Forest Business Solutions,Unknown,Senior
4,1,367,91.75,282,Vorsitzender des Vorstandes,Other,Management,L√ñHR & BECKER Aktiengesellschaft,Information Technology,Management
8,1,445,55.625,93,Head of Engineering,Information Technology,Lead,FTI Engineering Network GmbH,Unknown,Lead
1,1,366,366.0,366,District Sales manager,Sales,Lead,FedEx Express,Sales,Senior
3,2,519,173.0,209,Assistant Treasurer Real Estate,Other,Junior,EFG Bank,Unknown,Senior
1,1,337,337.0,337,Managing Dircector,Other,Management,NP4 GmbH,Unknown,Management
7,1,223,31.857142857142858,90,Director of Business Analysts and Special Projects,Information Technology,Director,SouthEast Bank,Business Development,Junior
1,1,0,0.0,0,Robotertechniker,Information Technology,Professional,EDAG Austria,Unknown,Unknown
14,2,332,23.714285714285715,67,O√ñ Koordinator f√ºr das Team der Bereiche Beschlagwortung / Zustellproblem,Purchasing,Lead,Sozialversicherung der Selbst√§ndigen,Unknown,Unknown
12,2,319,26.58333333333333,70,Head of Content & Workflows,Marketing,Lead,IBM iX DACH,Unknown,Lead
1,1,131,131.0,131,Scierie collignon,Other,Professional,SCIERIE COLLIGNON,Unknown,Unknown
4,1,211,52.75,118,Senior Microsoft 365 Engineer,Information Technology,Senior,Deichmann SE,Unknown,Senior
5,1,149,29.8,58,Product Manager Online Catalog & Shop,Other,Professional,ZF Group,Unknown,Senior
1,1,325,325.0,325,Diplom Bauingenieur,Other,Professional,ISP Stahlbauplanung,Unknown,Unknown
3,1,260,86.66666666666667,137,"Executive Director, Marketing Strategy Director",Marketing,Management,JPMorgan Chase & Co.,Marketing,Director
1,1,431,431.0,431,Leiter Controlling und Rechnungswesen,Other,Lead,VRG GmbH,Information Technology,Lead
6,1,387,64.5,215,President,Other,Management,"Liberty Civil Construction, LLC",Unknown,Unknown
4,1,246,61.5,133,"Architektin, Fachgebietsleitung Technisches und Strategisches Geb√§udemanagement",Project Management,Lead,Kreisverwaltung Darmstadt-Dieburg,Information Technology,Senior
15,1,256,17.066666666666666,48,Co-CEO,Other,Management,VIRTWO,Unknown,Management
1,1,343,343.0,343,Vice President,Other,Management,Bogner Construction Company,Unknown,Management
5,1,0,0.0,0,Krankenhausgesch√§ftsf√ºhrer,Other,Management,Hospital Management Group GmbH,Unknown,Management
5,2,386,77.2,170,Co-Head of Bid Management CE,Sales,Lead,Atos Information Technology GmbH,Unknown,Senior
10,1,303,30.3,131,Leiter IT-Service- und Betriebsmanagement,Information Technology,Lead,GO! Express & Logistics,Information Technology,Lead
9,1,223,24.77777777777778,44,Senior Human Resources Consultant,Consulting,Senior,Independent Contractor,Consulting,Senior
6,1,101,16.833333333333332,50,Senior Legal Advisor,Other,Senior,Telenor,Unknown,Unknown
1,1,218,218.0,218,Physiotherapeutin,Other,Professional,TZ Garsten,Unknown,Unknown
1,1,74,74.0,74,Research Associate,Consulting,Junior,Fraunhofer Institute of Machine Tools and Forming Technology,Unknown,Junior
5,1,176,35.2,176,Gesch√§ftsf√ºhrender Gesellschafter,Other,Management,medpirica,Unknown,Management
7,1,219,31.285714285714285,68,Finance Director Central Europe üá©üá™üá®üá≠üáµüá±,Other,Director,Harvey Nash,Unknown,Director
8,1,115,14.375,46,Senior Program Analyst (Immigration),Other,Senior,U.S. Department of Labor,Unknown,Junior
1,1,159,159.0,159,Betriebsleiter,Other,Lead,Benteler Distribution,Information Technology,Lead
5,1,329,65.8,198,Chief Executive Officer,Other,Management,ZF Group,Unknown,Management
5,1,324,64.8,181,Chief Strategy Officer (CSO),Other,Management,Mediaschneider AG,Unknown,Management
2,1,291,145.5,179,Software Developer,Information Technology,Professional,AVL,Unknown,Unknown
8,2,366,45.75,199,CTO,Information Technology,Management,Vejle Brand,Unknown,Management
5,2,147,29.4,54,Projektkoordinator,Project Management,Lead,ACE Auto Club Europa e. V.,Project Management,Unknown
6,1,326,54.333333333333336,73,Hoofd Bouwbureau,Other,Lead,Kroon & de Koning BV,Unknown,Unknown
2,1,27,13.5,27,Head of Package & Installation Design IGC,Project Management,Lead,Siemens Energy,Unknown,Lead
3,2,34,11.333333333333334,27,Director General Sector and Global Programmes,Other,Director,Deutsche Gesellschaft f√ºr Internationale Zusammenarbeit GmbH,Unknown,Director
7,1,524,74.85714285714286,275,Station Manager at Ground2Air in Palma de Mallorca,Other,Lead,Ground2air Assistance,Unknown,Senior
1,1,240,240.0,240,Bereichs PDL,Other,Lead,St. Walburga Krankenhaus Meschede GmbH,Unknown,Unknown
1,1,0,0.0,0,Gesch√§ftsinhaber,Other,Management,TouchPoint Communication AG,Unknown,Unknown
7,1,317,45.285714285714285,111,Gesch√§ftsf√ºhrer CFO,Other,Management,APOGEPHA Arzneimittel GmbH,Unknown,Management
7,1,249,35.57142857142857,62,Senior Project Leader,Project Management,Lead,ALPS ALPINE Europe,Project Management,Unknown
5,1,131,26.2,131,Verwaltungsratsvorsitzender,Other,Management,Alium Technology AG,Information Technology,Management
1,1,241,241.0,241,Dozent/ Ausbilder,Other,Professional,HWK Erfurt,Unknown,Unknown
2,1,78,39.0,78,"Teamleder arkitektur, drift og sikkerhet IT-seksjonen VID",Information Technology,Lead,VID vitenskapelige h√∏gskole,Information Technology,Unknown
7,1,286,40.85714285714285,112,Responsable technique,Information Technology,Lead,Ecole H√¥teli√®re de Gen√®ve | EHG,Unknown,Unknown
11,2,530,48.18181818181818,157,Partner,Business Development,Management,Luxcenture,Unknown,Unknown
7,5,1066,152.28571428571428,275,Gesch√§ftsf√ºhrer und Podcast-Host,Other,Management,Mittelstars,Unknown,Management
16,1,413,25.8125,114,Business Consultant,Consulting,Professional,F Henningsen ApS,Business Development,Senior
14,1,393,28.071428571428573,101,President Of The Board Of Directors,Other,Management,Instituto Vladimir Herzog,Unknown,Director
9,1,341,37.888888888888886,87,Head of Group Capital Markets,Other,Lead,Raiffeisen Bank International AG,Information Technology,Lead
5,1,351,70.2,110,Chairman of Board of Appeal and Member of Enlarged Board of Appeal,Other,Management,European Patent Office,Unknown,Unknown
9,1,338,37.55555555555556,84,Citrix Systems Engineer,Information Technology,Professional,Raymond James,Information Technology,Senior
6,1,59,9.833333333333334,22,Anesthesiemedewerker,Other,Professional,Amsterdam UMC,Unknown,Unknown
8,2,369,46.125,144,Vertriebsdirektor,Sales,Director,VR Payment GmbH,Sales,Director
5,1,287,57.4,190,Projektleder,Project Management,Lead,Montera ApS,Unknown,Unknown
7,7,1821,260.1428571428572,406,Gesch√§ftsf√ºhrer,Other,Management,GENUSSMOMENTE f√ºr digitales Zusammensein,Unknown,Management
4,3,570,142.5,227,Gesch√§ftsf√ºhrer,Other,Management,BBHT Solutions S.R.L.,Unknown,Management
2,1,511,255.5,441,CEO,Other,Management,Ing. B√ºro W.Meier GmbH,Unknown,Management
7,1,323,46.142857142857146,101,Gerente de Comunica√ß√£o e Marketing,Marketing,Professional,Casas Andr√© Luiz,Marketing,Unknown
1,1,235,235.0,235,Gesch√§ftsf√ºhrer Finanzen,Other,Management,Karwendel-Werke Huber GmbH & Co. KG,Unknown,Management
8,1,430,53.75,138,CEO,Other,Management,A-ROSA Kreuzfahrten,Unknown,Management
1,1,359,359.0,359,Algemeen directeur,Other,Management,de Taxatheek,Unknown,Unknown
5,1,293,58.6,188,Executive Director,Other,Management,JPMorgan Chase & Co.,Unknown,Director
6,1,198,33.0,88,Supply Chain Lead & Master Planning,Other,Lead,ENOUGH,Unknown,Unknown
13,1,432,33.23076923076923,65,Chief Executive Officer,Other,Management,Switch GmbH,Unknown,Management
4,1,106,26.5,50,Information Technology Business Analyst,Information Technology,Professional,"Triad Technologies, LLC",Business Development,Junior
12,2,293,24.416666666666668,75,Global VP and Head of Sustainability Innovation,Other,Management,SAP,Information Technology,Lead
6,2,332,55.333333333333336,84,Vorstandsvorsitzender,Other,Management,EIKONA AG,Information Technology,Management
8,1,248,31.0,96,Private Equity Investments,Other,Professional,Principal Verm√∂gensverwaltung AG,Information Technology,Unknown
11,1,376,34.18181818181818,91,DevOps Orchestration Manager,Information Technology,Professional,University of Central Lancashire,Unknown,Senior
1,1,183,183.0,183,Leiter Expansion und Projektentwicklung,Project Management,Lead,SPAR √ñsterreich,Information Technology,Lead
11,1,128,11.636363636363637,49,Head of Marketing: Promoting label-free cell analysis technology,Marketing,Lead,Amphasys,Marketing,Lead
1,1,231,231.0,231,Kfz-Mechatroniker,Other,Professional,Autohaus Walter Mulfinger GmbH,Unknown,Unknown
1,1,434,434.0,434,Grafik Designer,Marketing,Professional,HEUSSINGER.de,Unknown,Unknown
2,1,252,126.0,196,Chief Technology Officer,Information Technology,Management,Solid Technology Solutions,Unknown,Management
10,1,275,27.5,57,Manager Regional Key Accounts Americas,Sales,Professional,Qatar Airways,Unknown,Senior
7,1,162,23.142857142857142,69,Digital Project Managerin Marketing,Marketing,Professional,GE Healthcare,Information Technology,Senior
1,1,134,134.0,134,Mediaberater DpS - Fachzeitschrift f. Sch√§dlingsbek√§mpfung/SalesManager DpS - Pest Control Magazine,Sales,Professional,Beckmann Verlag,Consulting,Senior
3,1,91,30.33333333333333,58,Head of Logistics,Other,Lead,European Union Mission in Armenia,Unknown,Lead
5,1,116,23.2,61,Data Analyst,Information Technology,Professional,AXRO GmbH,Unknown,Junior
3,1,287,95.66666666666669,191,kfm. Prokurist,Other,Management,WEVG Salzgitter GmbH & Co. KG,Unknown,Unknown
2,2,278,139.0,230,Founding Partner,Other,Management,IBD | Integrated Business Design,Unknown,Unknown
8,3,322,40.25,122,Directeur de la construction,Other,Director,Edusco construction,Unknown,Unknown
1,1,0,0.0,0,Director of Business Development,Business Development,Director,M H windows decor pvt ltd,Business Development,Director
1,1,392,392.0,392,Neutraubling,Other,Professional,Scheck Lagerhaus Transporte GmbH,Unknown,Unknown
2,1,222,111.0,200,Abteilungsdirektor Vertrieb,Sales,Director,ALTE OLDENBURGER Krankenversicherung AG,Sales,Director
9,1,185,20.55555555555556,69,Data Analyst (Sustainable & Fund Finance),Other,Professional,Tetrao,Unknown,Junior
3,1,67,22.33333333333333,47,Kundansvarig,Sales,Professional,Itsy,Unknown,Unknown
4,1,284,71.0,119,Gesch√§ftsf√ºhrer,Other,Management,FalkenSteg,Unknown,Management
4,2,310,77.5,242,Referatsleiter,Other,Lead,B√ºrgeramt Bremen,Information Technology,Lead
5,1,199,39.8,52,Global IT | Solution Architect Supply Chain Transportation,Information Technology,Professional,Evonik,Information Technology,Unknown
9,1,216,24.0,78,Leiterin E-Commerce,Marketing,Lead,Musik Hug AG,Information Technology,Lead
2,1,503,251.5,417,B√ºroleiter,Administrative,Lead,Agentur Rinn,Information Technology,Lead
9,1,212,23.55555555555556,52,Managing Director,Other,Management,Eagle International Logistics,Unknown,Director
7,1,481,68.71428571428571,142,ppa. Head of Treasury & Insurance,Other,Lead,TMD Friction,Unknown,Lead
5,1,115,23.0,63,Sourcing Specialist,Purchasing,Professional,GRUNDFOS,Unknown,Unknown
4,1,350,87.5,132,"Founder, Owner",Other,Management,Suregen Health-IT consulting,Unknown,Management
11,1,137,12.454545454545457,43,Marketplace Manager / Online Shop Manager,Sales,Professional,ONSKINERY,Unknown,Senior
4,1,0,0.0,0,Vorsitzender des Vorstandes (CEO),Other,Management,Deutsche Bahn,Information Technology,Management
6,1,196,32.666666666666664,117,Gesch√§ftsf√ºhrer,Other,Management,Bodensee Pharma GmbH,Unknown,Management
5,1,395,79.0,163,Teamleiter Disposition Fahrzeuge und Stv. Ressourcenplaner,Other,Lead,Kanton Aargau,Information Technology,Lead
9,1,254,28.22222222222222,53,Account Manager,Sales,Professional,Cisco,Sales,Senior
3,1,305,101.66666666666669,264,Head of Marketing Communications EMEA - Oxford Instruments Group,Marketing,Lead,Oxford Instruments plc,Marketing,Lead
5,3,635,127.0,317,Unternehmensinhaber,Other,Management,URBANCONCEPT,Unknown,Unknown
7,2,405,57.85714285714285,182,Marktondersteuning,Sales,Junior,Holland Pharma,Unknown,Unknown
9,2,451,50.11111111111112,97,Director Code Nomads Amsterdam,Information Technology,Director,Code Nomads,Unknown,Director
3,1,93,31.0,44,Senior Customer Care Representative,Customer Support,Senior,FedEx,Unknown,Unknown
5,1,193,38.6,64,CTO,Information Technology,Management,VORWERK ELEKTROWERKE GMBH & CO.KG,Unknown,Management
5,1,184,36.8,95,Group Design Strategy & -targets,Other,Professional,BMW Group,Unknown,Unknown
9,1,477,53.0,167,CEO,Other,Management,vsonix GmbH,Unknown,Management
2,1,295,147.5,236,Managing Director,Other,Management,CPS Anwendungsberatung f√ºr die Wellpappenindustrie,Unknown,Director
12,2,176,14.666666666666666,49,Assistant Manager,Other,Lead,KPMG Austria,Unknown,Senior
5,1,39,7.8,12,Lead consultant,Consulting,Lead,SCALES Group A/S,Consulting,Senior
4,2,510,127.5,303,Gesch√§ftsf√ºhrender Gesellschafter,Other,Management,123BAG GmbH,Unknown,Management
3,1,163,54.333333333333336,65,Head of IT Services & Operations Management,Information Technology,Lead,JACOB Group,Information Technology,Lead
6,1,243,40.5,119,Teamleader IT Operations Management,Information Technology,Lead,hGears,Information Technology,Lead
1,1,346,346.0,346,Vertrieb,Sales,Professional,N+S B√ºrocenter,Sales,Unknown
3,1,140,46.66666666666666,71,Technischer Experte f√ºr Stellwerkstechnik,Information Technology,Senior,Siemens,Unknown,Unknown
1,1,83,83.0,83,HR-Manager,Human Resources,Professional,HvS-Consulting AG,Unknown,Senior
4,1,64,16.0,38,Operation Supervisor,Other,Lead,TAV Operation Services,Unknown,Unknown
7,1,353,50.42857142857143,195,Gesch√§ftsf√ºhrer,Other,Management,MorgenFund,Unknown,Management
5,1,311,62.2,123,Konstrukteur,Other,Professional,Bosch,Unknown,Unknown
2,1,75,37.5,38,Projektleiter in der Engineering IT,Information Technology,Lead,Daimler Buses GmbH,Project Management,Lead
6,2,286,47.66666666666666,191,Retail Marketing Management,Marketing,Professional,Jaguar Land Rover Belux,Marketing,Senior
7,1,209,29.857142857142858,78,Ruby Fullstack Developer,Information Technology,Professional,blueReport (cognita AG),Unknown,Unknown
1,1,428,428.0,428,CEO,Other,Management,Fischer-Plastik GesmbH,Unknown,Management
7,1,355,50.71428571428572,114,Chef de projet senior,Project Management,Senior,EQUANS France,Unknown,Lead
13,2,443,34.07692307692308,85,Country Manager Czech Republic and Slovakia,Other,Lead,Adform,Unknown,Senior
4,2,341,85.25,152,Gesch√§ftsf√ºhrer,Other,Management,Yatego GmbH,Unknown,Management
8,1,269,33.625,89,Group CEO,Other,Management,AYRES Composite Panels,Unknown,Management
4,1,0,0.0,0,"Director, Finance and Information Technology",Other,Director,Thames Valley Children's Centre,Unknown,Director
1,1,260,260.0,260,Bergungsleiter,Other,Lead,Abschleppdienst Potsdam Nord S√ºd gmbh,Information Technology,Lead
6,2,478,79.66666666666667,114,Co-CEO,Other,Management,Yorizon Cloud,Unknown,Management
5,1,300,60.0,230,Aircraft Physical Security Expert,Other,Senior,Airbus,Information Technology,Unknown
2,1,406,203.0,374,General Manager,Other,Management,BASF,Unknown,Senior
4,1,417,104.25,157,Head of Regulatory Projects,Consulting,Lead,FNZ Bank SE,Unknown,Lead
1,1,53,53.0,53,Owner,Other,Management,GBOH Technology,Unknown,Management
5,1,25,5.0,14,Financial Analyst,Other,Professional,Syrena Real Estate,Unknown,Junior
16,1,684,42.75,164,Mentor,Other,Senior,Tandem 50,Unknown,Unknown
8,1,175,21.875,67,Vertriebsingenieur,Sales,Professional,Interstarch,Sales,Unknown
13,2,1462,112.46153846153848,321,Professor im Ruhestand,Other,Professional,Westf√§lisches Energieinstitut,Unknown,Unknown
4,1,78,19.5,35,Vedouc√≠ poboƒçky Pop≈Øvky,Administrative,Lead,Liebherr Group,Unknown,Unknown
2,1,0,0.0,0,Lead engineer/ groepscoordinator,Information Technology,Lead,Strukton,Unknown,Senior
1,1,383,383.0,383,Gesch√§ftsf√ºherer,Other,Management,Raff Sanit√§r GmbH,Unknown,Management
7,1,268,38.285714285714285,113,"Dezernat f√ºr Wirtschaft, Stadtentwicklung, Liegenschaften und Ordnungswesen - B√ºroleitung/Referent",Other,Lead,Landeshauptstadt Mainz,Information Technology,Lead
6,1,88,14.666666666666666,22,Senior Enterprise IT Systems Specialist,Information Technology,Senior,CETIN Serbia,Information Technology,Unknown
7,1,134,19.142857142857142,29,Vikar,Other,Junior,Botilbuddet Katrinebjerg,Unknown,Unknown
9,1,217,24.11111111111111,104,General Manager,Other,Management,Rescop,Unknown,Senior
9,1,210,23.33333333333333,40,Chief Sales Officer (CSO),Sales,Management,"GROB Systems, Inc",Sales,Management
2,1,281,140.5,231,Key Account Manager,Sales,Professional,Nestl√© Waters Deutschland GmbH,Sales,Senior
6,2,283,47.16666666666666,93,Selbstst√§ndig,Other,Professional,Sleeping Bird,Unknown,Unknown
9,1,111,12.333333333333334,76,Project Manager,Project Management,Professional,D18 Partners,Project Management,Senior
5,1,392,78.4,204,Enseignant,Other,Professional,Universit√© du Maine-Le Mans-Laval,Unknown,Unknown
10,1,379,37.9,69,Senior Account Manager Public Sector,Sales,Senior,Eviden,Sales,Senior
6,1,463,77.16666666666667,235,Senior Consultant Procurement Excellence,Consulting,Senior,ThyssenKrupp AG,Consulting,Senior
2,2,964,482.0,599,Rechtsanwalt,Other,Professional,Anwaltskanzlei Heinemann,Unknown,Unknown
5,2,240,48.0,77,Commercial Service Manager,Customer Support,Professional,Wipotec,Unknown,Senior
10,1,252,25.2,50,Head of CapEx Delivery Management and Planning Site Leverkusen,Project Management,Lead,Bayer,Information Technology,Senior
2,1,286,143.0,286,Quality Manager,Other,Professional,Letec-Terem,Information Technology,Senior
3,1,234,78.0,184,Senior IT-Lizenzspezialist,Information Technology,Senior,Bechtle Schweiz AG,Information Technology,Unknown
4,1,0,0.0,0,Strategy Director,Business Development,Director,Sodexo Defence (UK),Unknown,Director
3,2,490,163.33333333333334,455,Unternehmensinhaber,Other,Management,Richnerstutz AG,Unknown,Unknown
1,1,189,189.0,189,Unternehmensinhaber,Other,Management,doxx GmbH,Unknown,Unknown
1,1,59,59.0,59,Managing Director,Other,Management,AWEX,Unknown,Director
6,1,275,45.833333333333336,167,Director Commercial Operations,Marketing,Director,EMEA Business Group,Unknown,Director
1,1,0,0.0,0,Betriebsleiter API-Produktion,Information Technology,Lead,Roche Pharmaceuticals,Information Technology,Lead
4,1,386,96.5,223,Human Resources Specialist,Human Resources,Professional,RACE FX LIMITED,Unknown,Unknown
1,1,196,196.0,196,49504,Other,Professional,BAUKING AG,Unknown,Unknown
1,1,156,156.0,156,Family Nurse Practitioner,Other,Professional,PATTON STATE HOSPITAL,Information Technology,Unknown
7,1,186,26.571428571428573,47,Global Chief Engineer / Manager - Power Electronics (OBC/DCDC),Information Technology,Lead,Stellantis,Unknown,Senior
4,2,627,156.75,299,Inhaber rido gmbh,Other,Management,rido gmbh,Unknown,Unknown
2,1,125,62.5,87,SAP Solutions Consultant,Consulting,Professional,All for One Switzerland AG,Consulting,Senior
4,1,232,58.0,99,Senior Treasury Manager,Other,Senior,LR Global Holding GmbH,Unknown,Senior
4,1,64,16.0,19,Senior Consultant,Consulting,Senior,Randstad Deutschland,Consulting,Senior
9,1,194,21.55555555555556,44,Freelance Marketing Consulting / Client Service / Interim Marketing & Branding,Consulting,Professional,Alexander Klaus Freelance- & Interims- Marketing Consulting,Marketing,Unknown
8,1,289,36.125,60,VP Product Management,Project Management,Management,Anyline,Unknown,Senior
9,2,371,41.22222222222222,138,Head of Mechanical Engiuneering,Other,Lead,VON ARDENNE GmbH,Unknown,Lead
5,1,52,10.4,20,Progettista Finanza Agevolata - Research Funding & Administration,Other,Professional,Masmec S.p.A.,Information Technology,Unknown
4,1,267,66.75,96,Software Engineer IV,Information Technology,Senior,Oracle,Unknown,Senior
4,1,156,39.0,74,Communications Coordinator,Marketing,Lead,Whitefish Lake First Nation #459,Marketing,Unknown
7,1,313,44.71428571428572,117,Head of ICT,Information Technology,Lead,Australian Museum,Unknown,Lead
5,2,1040,208.0,340,Managing Director,Other,Management,aquantus gmbh,Unknown,Director
2,1,41,20.5,41,Responsable,Other,Lead,OCB RENOV,Unknown,Unknown
2,1,204,102.0,166,Head of Sales DACH,Sales,Lead,PREO Software AG,Sales,Lead
12,2,509,42.41666666666666,108,Senior Partner,Business Development,Senior,IBM Deutschland GmbH,Unknown,Senior
3,1,469,156.33333333333334,302,Application Consultant,Consulting,Professional,Uhlmann Pac-Systeme,Consulting,Senior
7,4,749,107.0,178,Partner,Business Development,Management,Oppskv√¶r AS - for team som m√• lykkes,Unknown,Unknown
5,1,139,27.8,67,Postdoctoral Researcher and Lecturer,Other,Professional,Technische Universit√§t Kaiserslautern,Unknown,Management
6,1,235,39.16666666666666,92,Purchasing Manager,Purchasing,Professional,Benchmark Electrical Solutions,Purchasing,Senior
4,1,54,13.5,23,Postdoctoral Research Fellow,Other,Professional,University of New Brunswick,Unknown,Management
7,1,495,70.71428571428571,292,Strategic Purchasing Manager ‚Ä¢ Group Purchasing,Purchasing,Professional,Schleuniger Global,Purchasing,Senior
8,1,599,74.875,209,Konsult HR,Human Resources,Professional,Egen verksamhet,Unknown,Unknown
1,1,509,509.0,509,Leiter Verg√ºtung & Versorgung,Human Resources,Lead,Oldenburgische Landesbank AG,Information Technology,Lead
2,1,270,135.0,166,Produktmanager Optomechanik,Project Management,Professional,Vision Lasertechnik f√ºr Forschung und Industrie GmbH,Unknown,Senior
4,1,87,21.75,55,Senior Vice President,Other,Management,LPL Financial,Unknown,Senior
6,3,470,78.33333333333333,225,Researcher,Other,Professional,"Institute of Radiology, Friedrich-Alexander University, Erlangen",Unknown,Unknown
2,1,180,90.0,151,Arbeitslos,Other,Professional,keine Angabe,Information Technology,Unknown
6,1,167,27.83333333333333,71,"Senior Lecturer, Education-Focused",Other,Senior,UNSW,Unknown,Unknown
8,1,229,28.625,60,Director of Sales & Marketing,Sales,Director,NEIS Collective,Marketing,Director
6,1,87,14.5,31,Master Data & Demand Manager Supply Chain Management,Other,Professional,KALORIMETA GmbH,Unknown,Senior
1,1,411,411.0,411,Verkaufsleitung,Sales,Lead,Gaugler & Lutz GmbH & Co.KG,Information Technology,Lead
13,1,226,17.384615384615383,49,Platform Support Direct Drive,Customer Support,Professional,Siemens Gamesa,Unknown,Unknown
7,1,285,40.71428571428572,140,Recruitment Manager,Human Resources,Professional,ErgaNet,Information Technology,Senior
4,1,303,75.75,114,"Vice President, National Sales Manager",Sales,Management,Schwab Retirement Plan Services,Sales,Senior
10,1,325,32.5,78,Gesch√§ftsf√ºhrer SPIE GfT GmbH,Other,Management,SPIE Deutschland & Zentraleuropa,Unknown,Management
1,1,431,431.0,431,Professor,Other,Professional,University of Tuebingen,Unknown,Unknown
4,1,230,57.5,87,Head of Marketing Technology (Teamlead),Marketing,Lead,Helios Kliniken GmbH,Marketing,Lead
2,1,242,121.0,215,AUTOMATICIEN ELECTRICIEN,Other,Professional,Saint-Gobain Isover,Unknown,Unknown
4,2,284,71.0,137,General Manager,Other,Management,CCL Label,Unknown,Senior
3,1,195,65.0,154,Grafikdesigner (Freelance),Marketing,Professional,marcoloeschdesign,Unknown,Unknown
2,1,125,62.5,78,Account Manager & Talent Acquisition Lead,Human Resources,Lead,SaiVa SysTem ‚Äì a CMMI Level III Company,Sales,Senior
2,2,740,370.0,370,Gesch√§ftsf√ºhrender Gesellschafter,Other,Management,Selbstst√§ndig,Unknown,Management
8,1,415,51.875,175,Maintenance & Engineering Manager,Information Technology,Professional,Domtar,Unknown,Senior
11,2,568,51.63636363636363,135,Bereichsleiter Central Service Center,Customer Support,Lead,Bank-Verlag GmbH,Information Technology,Lead
2,1,34,17.0,17,Researcher,Other,Professional,AI in Complex Systems Lab - CEHC - UAlbany,Unknown,Unknown
2,1,323,161.5,323,Schornsteinfeger Meisterbetrieb,Other,Lead,Wagener,Unknown,Unknown
6,1,200,33.333333333333336,47,Senior UX Designer,Information Technology,Senior,Europris,Unknown,Unknown
5,1,113,22.6,45,Cloud Advisory Analyst,Consulting,Professional,Accenture DACH,Unknown,Junior
3,1,402,134.0,320,Leiter Managed IT | Cloud Services,Information Technology,Lead,MSH Medien System Haus GmbH & Co. KG,Information Technology,Lead
7,1,268,38.285714285714285,89,Senior Manager B2B Contract & Implementation Management,Project Management,Senior,Magenta Telekom,Unknown,Senior
5,1,208,41.6,71,Research Development Group Manager,Information Technology,Professional,Automotive Lighting,Unknown,Senior
1,1,494,494.0,494,Head of accounting and tax department,Other,Lead,Pirelli Deutschland GmbH,Unknown,Lead
8,3,75,9.375,30,Teamleiter Bestandesentwicklung,Other,Lead,Liegenschaften Stadt Z√ºrich,Information Technology,Lead
4,1,287,71.75,240,Juristin,Other,Professional,Datenschutz,Unknown,Unknown
2,1,174,87.0,125,Projektleiter,Project Management,Lead,Rudolf Klaschka GmbH,Project Management,Lead
6,1,152,25.33333333333333,74,Head of Procurement,Purchasing,Lead,Det Danske Madhus,Unknown,Lead
8,3,472,59.0,132,Founder and owner,Other,Management,Scandinavian Solutions,Unknown,Management
2,1,371,185.5,371,HGF,Other,Professional,Hotel An der Philharmonie GmbH,Unknown,Unknown
7,2,115,16.428571428571427,59,Managing Director (CTO),Information Technology,Management,Validatis,Unknown,Director
3,2,307,102.33333333333331,146,Senior Manager,Other,Senior,Robert Bosch GmbH,Unknown,Senior
5,1,167,33.4,47,Cyber Security Analyst - Senior,Information Technology,Senior,"Tyto Athene, LLC",Information Technology,Junior
1,1,484,484.0,484,Purchasing Senior Manager,Purchasing,Senior,TRW,Purchasing,Senior
5,1,309,61.8,309,Partner,Business Development,Management,Arcadia,Unknown,Unknown
2,1,0,0.0,0,Managing Director,Other,Management,InfoCom GmbH,Unknown,Director
2,2,261,130.5,154,"Vorstandsassistent, CMO",Marketing,Management,CONSTANT AG,Administrative,Junior
7,1,179,25.571428571428573,112,Co-Founder and CEO,Other,Management,Elevate Advertising,Unknown,Management
3,2,366,122.0,167,Sub-Manager Coordination & Planning,Project Management,Lead,Airbus Helicopters,Unknown,Senior
4,1,272,68.0,87,Gesch√§ftsf√ºhrer (CEO),Other,Management,Blaser Group,Unknown,Management
1,1,65,65.0,65,Vakbekwaam Hovenier,Other,Professional,Van Dijk Tuinen,Unknown,Unknown
4,1,440,110.0,265,Verkaufsmanager,Sales,Professional,RMS Radio Marketing Service GmbH & Co. KG,Unknown,Senior
4,2,464,116.0,239,Professor of French and Francophone Studies,Other,Professional,Kennesaw State University Norman J. Radow College of Humanities and Social Sciences,Unknown,Unknown
1,1,163,163.0,163,HR Specialist Personnel Development,Human Resources,Professional,DB - DEUTSCHE BAHN AG,Unknown,Unknown
7,1,507,72.42857142857143,176,Directeur,Other,Director,Inno and Co,Unknown,Unknown
3,1,74,24.666666666666668,41,Senior Executive in L&D Department,Human Resources,Senior,Wow! Momo,Unknown,Unknown
1,1,420,420.0,420,Finance and HR,Other,Professional,Vacon srl,Unknown,Unknown
2,2,454,227.0,251,Gesch√§ftsf√ºhrer + Berater + Designer,Other,Management,"FZEY GmbH ‚Äì Frohe Zukunft, ey!",Consulting,Management
9,1,147,16.333333333333332,50,PHD Student,Other,Junior,Johann Wolfgang Goethe-Universit√§t Frankfurt am Main,Unknown,Unknown
1,1,0,0.0,0,Dozent,Other,Professional,Z√ºrcher Hochschule der K√ºnste,Unknown,Unknown
8,1,173,21.625,81,"AVP, Dental Quality & Clinical Oversight",Other,Professional,MetLife,Information Technology,Management
1,1,290,290.0,290,Vorstandsvorsitzender der Kick-Media AG,Other,Management,Kick-Media AG,Information Technology,Management
8,2,952,119.0,256,Assistant,Administrative,Junior,ANCIENS COMBATTANTS ET VICTIMES DE GUERRE,Unknown,Senior
7,1,235,33.57142857142857,92,"Gesamtleiterin Personal, Mitglied der Gesch√§ftsleitung",Human Resources,Lead,Neue Pressegesellschaft,Information Technology,Lead
4,1,120,30.0,120,Partner,Business Development,Management,The Strategy Group,Unknown,Unknown
8,1,112,14.0,50,Responsable de salle,Administrative,Lead,HOTEL - RESTAURANT L OURS DE MUTZIG,Unknown,Unknown
6,1,266,44.333333333333336,96,Special Education Advocate/Education Consultant,Consulting,Professional,"Svendsen and Associates, LLC",Consulting,Senior
6,2,300,50.0,154,CEO & Co-Founder,Other,Management,GEMELLii Drinks GmbH,Unknown,Management
5,2,201,40.2,66,Bauprojektleiter,Project Management,Lead,Johannes-Diakonie Mosbach,Project Management,Lead
10,2,557,55.7,244,Owner,Other,Management,Stefan Wulff AB,Unknown,Management
1,1,103,103.0,103,Systemischer Berater f√ºr Organisationsentwicklung und Coach,Consulting,Professional,Ingo Wolters,Consulting,Unknown
4,1,345,86.25,187,General Manager/Vice President of Planning,Other,Management,Cosmetix West,Unknown,Senior
4,1,291,72.75,116,Senior Diversity & Inclusion Partner,Human Resources,Senior,"Novartis, P&O Switzerland",Information Technology,Unknown
1,1,67,67.0,67,Managing Director,Other,Management,Weber Management Solutions,Unknown,Director
6,1,273,45.5,96,Key Account / Project Manager,Other,Lead,Werimo Group,Project Management,Senior
1,1,295,295.0,295,Owner,Other,Management,Grubers Beckett,Unknown,Management
8,1,274,34.25,69,Senior Commercial Manager,Sales,Senior,Klarna,Unknown,Senior
4,1,236,59.0,151,Executive Vice President Connected Software Systems & Services,Information Technology,Management,IAV,Unknown,Management
3,1,375,125.0,275,"Abteilungsleiter Vertrieb, Dipl. Bankbetriebswirt Management (ADG)",Sales,Lead,Hausbank M√ºnchen eG,Sales,Lead
5,1,216,43.2,85,HR IT Consultant,Consulting,Professional,Continental,Consulting,Senior
5,1,0,0.0,0,CEO,Other,Management,Sinosteel-Tech,Unknown,Management
1,1,38,38.0,38,Bestuursassistent,Administrative,Professional,Gemeente Arnhem,Administrative,Junior
3,1,152,50.66666666666666,123,Senior Data Analyst,Information Technology,Senior,instagrid,Unknown,Senior
6,2,95,15.833333333333334,95,Tekniklektor,Information Technology,Lead,J√∂nk√∂ping University ILO,Unknown,Unknown
6,1,69,11.5,28,Trainee Solicitor,Other,Junior,Irwin Mitchell,Information Technology,Unknown
2,1,305,152.5,267,Managing Director,Other,Management,Reinvigorate Group,Unknown,Director
7,1,398,56.85714285714285,132,Chief Operating Officer,Other,Management,Verna,Unknown,Management
2,2,463,231.5,296,Gesch√§ftsf√ºhrer,Other,Management,Bergauer-Pharmalogistik e.K.,Unknown,Management
5,1,225,45.0,75,Senior Technology Architect,Information Technology,Senior,Infosys,Information Technology,Unknown
2,1,104,52.0,104,Director Of Food And Beverage,Other,Director,InterContinental Hotels Group (IHG¬Æ),Unknown,Director
6,1,366,61.0,242,Managing Sr. Underwriting Director,Other,Senior,John Hancock,Information Technology,Director
3,1,349,116.33333333333331,306,Head of Business Unit Finance | Executive Vice President,Other,Lead,msg global solutions,Business Development,Management
3,2,192,64.0,96,Facility Coordinator CBRE GWS GmbH,Administrative,Lead,CBRE GWS GmbH,Information Technology,Unknown
8,2,574,71.75,210,Director,Other,Director,CCA Corporate Counsel Advisors,Unknown,Director
8,1,481,60.125,114,Associate,Other,Junior,Brunswick Group,Unknown,Junior
4,1,89,22.25,49,Buyer,Purchasing,Professional,Action Sales Food Service Equipment & Supplies,Unknown,Unknown
3,1,241,80.33333333333333,151,Warranty Service Specialist,Customer Support,Professional,Leatherman Tool Group,Unknown,Unknown
5,2,377,75.4,168,HR - Talent Manager,Human Resources,Professional,Cognizant,Unknown,Senior
6,2,332,55.333333333333336,204,Senior Director of Sales & SDR Germany,Sales,Director,vialytics,Sales,Director
1,1,40,40.0,40,Addetto alla logistica,Other,Professional,GLS,Unknown,Unknown
2,1,62,31.0,62,CEO,Other,Management,Xsenses GmbH,Unknown,Management
7,2,518,74.0,181,Assistant Clinical Research Associate,Other,Junior,PPD,Unknown,Junior
5,1,256,51.2,172,Office Administrator,Administrative,Professional,eccoform production GmbH,Information Technology,Unknown
4,1,327,81.75,153,Regionaler Vertriebsleiter,Sales,Lead,DEWESoft Deutschland GmbH,Sales,Lead
6,1,220,36.66666666666666,66,Portfolio Manager,Other,Professional,Deutsche Gesellschaft f√ºr Internationale Zusammenarbeit (GIZ) GmbH,Unknown,Senior
1,1,19,19.0,19,Inhaber,Other,Management,Innocard Loyalty AG,Unknown,Unknown
7,1,54,7.714285714285714,37,Technical Development Manager - Interconnect,Information Technology,Professional,"TTI, Inc. - Europe",Unknown,Senior
2,2,588,294.0,294,Partner und VRP,Business Development,Management,W√§lchli und Partner AG,Unknown,Unknown
1,1,61,61.0,61,Vice President,Other,Management,Winning BLW Group,Unknown,Management
2,1,35,17.5,19,Chief Executive Officer,Other,Management,Quest Equity,Unknown,Management
1,1,272,272.0,272,Programmierer,Information Technology,Professional,Einzelunternehmen,Unknown,Unknown
4,1,106,26.5,50,Global Mobility Consultant,Consulting,Professional,Krones,Consulting,Senior
2,1,208,104.0,166,"Facharzt f√ºr Orthop√§die und Unfallchirurgie,Chirurgie Chirotherapie, , Naturheilverfahren",Other,Professional,Privatpraxis f√ºr Orthop√§die und Naturheilverfahren,Unknown,Unknown
6,2,271,45.16666666666666,80,Qualit√§tsmanager,Project Management,Lead,Smurfit Westrock,Information Technology,Senior
7,2,583,83.28571428571429,186,CEO,Other,Management,"Mimetics, LLC",Unknown,Management
5,1,207,41.4,56,Senior Manager,Other,Senior,ALDI Nord,Unknown,Senior
7,1,155,22.142857142857142,100,DayTrader,Other,Professional,Selbstst√§ndig,Unknown,Unknown
6,1,219,36.5,86,VP Purchasing & Supplier Quality Webasto China,Purchasing,Management,Webasto Group,Purchasing,Management
5,1,38,7.6,18,Equipment Project Manager,Project Management,Professional,Clark National Accounts,Project Management,Senior
2,1,148,74.0,148,"lian da information technology co., LTD",Other,Professional,"Kunshan lian da information technology co., LTD",Unknown,Unknown
3,2,378,126.0,188,Business Owner,Other,Management,Washington's Best Guides LLC,Unknown,Management
7,2,416,59.42857142857143,98,Gesch√§ftsf√ºhrer - CEO,Other,Management,CROWDFOX GmbH,Unknown,Management
5,1,323,64.6,250,EVP Strategic Partnerships,Business Development,Professional,10X Health System,Unknown,Management
10,1,155,15.5,38,Senior HVAC Technician,Other,Senior,Service Experts Heating & Air Conditioning,Unknown,Unknown
11,2,160,14.545454545454543,133,Non Executive Director - Member of the Supervisory Board,Other,Management,AkzoNobel,Unknown,Director
2,2,126,63.0,63,Bauverwaltung,Administrative,Professional,Gemeinde Langg√∂ns,Unknown,Unknown
4,1,469,117.25,314,Rechtsanwalt mit Schwerpunkt Gen-/Biotechnik und Arzneimittelrecht,Other,Professional,Freiberuflich,Information Technology,Unknown
4,1,254,63.5,124,Sports Columnist,Other,Professional,The Seattle Times,Unknown,Unknown
15,1,205,13.666666666666666,62,Managing Consultant - Business Transformation,Consulting,Professional,IBM Switzerland Ltd.,Consulting,Senior
1,1,437,437.0,437,CEO,Other,Management,BACHMANN Group,Unknown,Management
6,1,521,86.83333333333333,162,Vorsitzender der Aufsichtsr√§te Mecklenburgische Versicherungen,Other,Management,Mecklenburgische Versicherungsgruppe,Information Technology,Management
2,1,64,32.0,37,Junior Referent Landesf√∂rderinstitute,Other,Junior,KfW,Information Technology,Junior
4,2,356,89.0,178,Founder,Other,Management,Carlo Chincarini Coaching,Unknown,Management
13,4,241,18.53846153846154,71,Head of Sales & Partnerships,Sales,Lead,BookLogic,Sales,Lead
1,1,18,18.0,18,Public Health Consultant,Consulting,Professional,GFA Consulting Group GmbH,Consulting,Senior
8,1,423,52.875,151,Vertriebsleiter,Sales,Lead,Yve!decoration GmbH,Sales,Lead
5,1,384,76.8,196,DevSecOps CoE Lead,Information Technology,Lead,Nokia,Unknown,Unknown
4,1,284,71.0,130,Executive Vice President Digital Customer Solutions,Marketing,Management,RATIONAL AG,Information Technology,Management
4,1,631,157.75,311,Senior Financial Crimes Investigator,Other,Senior,NASA Federal Credit Union,Unknown,Unknown
5,1,344,68.8,141,Projektmanager Therapieberufe,Project Management,Professional,Georg Thieme Verlag KG,Project Management,Senior
3,2,549,183.0,405,Leiter Zerst√∂rungsfreie Pr√ºfungen MQP,Other,Lead,Kernkraftwerk G√∂sgen-D√§niken AG,Information Technology,Lead
3,1,127,42.333333333333336,71,Referent Digitale Schiene,Marketing,Professional,DB Engineering & Consulting,Information Technology,Junior
7,1,326,46.57142857142857,81,Director Projects,Project Management,Director,Orange Lion Hospitality Consulting Sagl.,Unknown,Director
3,1,286,95.33333333333331,143,Gesch√§ftsf√ºhrer / General Manager,Other,Management,LASER COMPONENTS,Unknown,Senior
4,1,279,69.75,170,Managing Partner,Business Development,Management,Engel & V√∂lkers Hotel Consulting GmbH,Unknown,Senior
1,1,0,0.0,0,Diatary Aide,Other,Professional,Greenwood Health and Living,Unknown,Unknown
8,1,270,33.75,124,Consultant,Consulting,Professional,Freelance,Consulting,Senior
2,1,80,40.0,63,Research Analyst,Other,Professional,zeb consulting,Unknown,Junior
4,1,231,57.75,116,Senior Consultant Data Center,Consulting,Senior,Siemens AG,Consulting,Senior
3,1,160,53.333333333333336,111,Head Of RIV Academy - Blockchain,Information Technology,Lead,RIV Technologies,Unknown,Lead
4,1,107,26.75,44,Software Architect,Information Technology,Senior,PROXORA Compliance Management. Next Level.,Information Technology,Unknown
7,1,244,34.857142857142854,111,Product and Service Manager Qualitymanagement; Solution architect,Other,Professional,Bosch,Information Technology,Senior
1,1,271,271.0,271,Gesch√§ftsf√ºhrender Inhaber,Other,Management,Baumanu GmbH & Co. KG,Unknown,Management
4,1,151,37.75,63,Team/Bereichsleiter,Other,Lead,B+S GmbH Logistik und Dienstleistungen,Information Technology,Lead
1,1,182,182.0,182,Elektrotechniker mit erweitertem Aufgabenbereich,Other,Professional,B&S Sicherheits- und Elektrotechnik GmbH,Information Technology,Unknown
5,1,121,24.2,45,(gedelegeerd) Business owner,Other,Management,Belastingdienst,Unknown,Management
3,1,242,80.66666666666667,95,"Regional Sales Manager, Central European Region",Sales,Professional,MSA - The Safety Company,Sales,Senior
6,2,264,44.0,149,Mitglied der Gesch√§ftsleitung,Other,Management,ASH Adolf Schl√ºnder Handelsagentur GmbH & Co. KG,Information Technology,Lead
8,2,420,52.5,83,Chief Transformation Officer,Other,Management,CONTACT Software,Unknown,Management
7,2,376,53.71428571428572,95,General Manager:in,Other,Management,C.H. Robinson Worldwide GmbH,Unknown,Senior
37,10,947,25.594594594594597,84,Business Development Agent,Business Development,Professional,dOrg,Business Development,Unknown
3,1,15,5.0,15,Professeur de Math√©matique particulier,Other,Professional,Ind√©pendant,Unknown,Unknown
5,1,254,50.8,96,Business Development Leader,Business Development,Lead,Teledyne DALSA,Business Development,Unknown
15,2,352,23.466666666666665,95,Mitgr√ºnderin,Other,Management,Kulturliebekoeln,Information Technology,Unknown
11,2,405,36.81818181818182,67,Eigenaar,Other,Management,Hrodberaht Film,Unknown,Unknown
1,1,158,158.0,158,Automotive Sales Manager,Sales,Professional,ThyssenKrupp Steel Europe AG,Sales,Senior
12,1,441,36.75,81,Personal Trainer,Other,Professional,MOVATI Athletic,Unknown,Unknown
2,1,234,117.0,186,Gesch√§ftsf√ºhrer,Other,Management,ederIT.com,Unknown,Management
2,1,60,30.0,60,cultivation,Other,Professional,Holistic Industries,Unknown,Unknown
1,1,179,179.0,179,Pension√§r,Other,Professional,kein,Unknown,Unknown
1,1,10,10.0,10,Supply Chain Manager,Other,Professional,Flevorubber Extrusion B.V.,Unknown,Senior
1,1,269,269.0,269,Member Board Of Directors,Other,Management,Vereinigte F√ºllk√∂rper-Fabriken GmbH & Co. KG,Unknown,Director
10,1,492,49.2,77,"Vice President, Human Resources, Health & Security Subscription Services (H3S), North Americas",Human Resources,Management,International SOS,Information Technology,Management
1,1,356,356.0,356,Transport Manager,Other,Professional,Pembrokeshire County Council,Unknown,Senior
2,1,90,45.0,90,Pr√©sident CCRG Hauts de France,Other,Management,habitA+,Unknown,Unknown
5,2,275,55.0,167,"Key Account Director Europe, Middle East & Africa",Sales,Director,Vertiv Co,Unknown,Director
5,1,203,40.6,106,Softwareentwickler,Information Technology,Professional,cooee GmbH,Information Technology,Unknown
3,1,36,12.0,14,Radio Engineering @ TDI | Huawei SRAN & Mobile Network Testing,Information Technology,Professional,Deutsche Telekom,Unknown,Senior
9,1,362,40.22222222222222,81,Advanced Purchasing - Commercial Vehicles and Services,Purchasing,Senior,Continental,Purchasing,Unknown
2,1,300,150.0,261,Owner - CSO,Sales,Management,Lumi√©re Group A/S,Unknown,Management
5,1,69,13.8,22,Site Manager,Project Management,Professional,Voi Technology,Information Technology,Senior
1,1,143,143.0,143,"SAP Consultant, Gesch√§ftsf√ºhrer, Gesellschafter",Consulting,Management,STELACON GmbH,Consulting,Management
6,1,283,47.16666666666666,91,"Buying, Porecurement & Allocation",Purchasing,Professional,bonprix,Unknown,Unknown
5,5,834,166.8,371,Kanzler der deutschen Assoziation,Other,Management,Malteserorden,Unknown,Unknown
