num_jobs,active_roles,total_experience_months,avg_job_duration_months,max_job_duration_months,current_title,department,seniority,current_org
6,5,613,102.16666666666667,229,Prokurist,Other,Management,Depot4Design GmbH
8,1,278,34.75,56,Solutions Architect,Information Technology,Professional,Computer Solutions
3,1,462,154.0,428,Medizintechnik Beratung,Consulting,Professional,Udo Weber
7,3,511,73.0,180,Director expansi√≥n de negocio.,Business Development,Director,Grupo Viajes Kontiki.
8,1,76,9.5,76,"APL-ansvarig, samordning",Administrative,Lead,Himmelstalunds Utbildningscentrum
2,1,339,169.5,223,Kaufm√§nnischer Leiter,Sales,Lead,FSD Fahrzeugsystemdaten GmbH
1,1,0,0.0,0,Lab-Supervisor,Other,Lead,MacDermid Enthone Industrial Solutions
7,1,177,25.285714285714285,42,Human Resources Generalist,Human Resources,Professional,Boise Cascade Company
5,1,221,44.2,119,Managing Director,Other,Management,PhoboSys GmbH
5,5,1555,311.0,311,Set Lighting,Other,Professional,Twentieth Century Fox
2,1,293,146.5,199,Projektmanager,Project Management,Professional,msg systems ag
1,1,96,96.0,96,Leistungssachbearbeiter SGB II,Other,Professional,Landeshauptstadt Wiesbaden
2,1,202,101.0,143,energy and sustainability consultant bei,Consulting,Professional,ee concept gmbh
1,1,75,75.0,75,Purchasing Manager,Purchasing,Professional,ACCOPPIATURA DI ASOLO S.P.A.
1,1,245,245.0,245,Gesch√§ftsf√ºhrer,Other,Management,Team J√∂sten
4,1,137,34.25,51,Senior Project Manager,Project Management,Senior,Swiss Life Asset Managers Deutschland
6,1,384,64.0,107,Dr. phil.,Other,Professional,Selbstst√§ndig
3,2,339,113.0,167,"Gesch√§ftsf√ºhrer, CMO",Marketing,Management,Thurm GmbH
3,1,737,245.66666666666666,353,Bereichsleiter Maschinen,Other,Lead,Vorruhestand
1,1,267,267.0,267,Principal RF Design Engineer,Information Technology,Senior,Etse Electronics (Pty) Ltd
6,1,214,35.666666666666664,60,Physician Assistant,Other,Professional,Tallahassee Orthopedic Clinic
5,3,982,196.4,287,CEO/Founder,Other,Management,ESBA Horti Solutions BV
2,1,400,200.0,400,Qualifizierter Kreditsachbearbeiter im risikorelevanten Kreditgesch√§ft,Other,Professional,VR Bank Lahn-Dill
2,1,339,169.5,330,Director,Other,Director,Consultant Juridique International Ltd
2,1,100,50.0,51,IT Systems and Network Engineer,Information Technology,Professional,TALLY WEiJL
3,3,510,170.0,279,IT-Teamleiter,Information Technology,Lead,ALIUD PHARMA GmbH
9,1,398,44.22222222222222,123,Senior Project Manager,Project Management,Senior,Hypergene
6,1,322,53.666666666666664,82,Head of HR/CHRO,Human Resources,Lead,Giesecke+Devrient
3,1,46,15.333333333333334,28,Human Resources Consultant,Consulting,Professional,Quest ontheFRONTIER
5,1,249,49.8,154,Managing Director,Other,Management,Exelonix GmbH
4,1,60,15.0,26,Product Manager,Project Management,Professional,FRANK GmbH
7,2,75,10.714285714285714,21,Reporter,Other,Professional,Norra Halland
7,1,198,28.285714285714285,58,Gesch√§ftsf√ºhrer,Other,Management,EnBet Consulting
6,3,61,10.166666666666666,40,Member of the Advisory Board,Other,Management,DigitalNativeAlliance
3,1,128,42.666666666666664,78,Gesch√§ftsf√ºhrer,Other,Management,Wehner Consulting GmbH
1,1,443,443.0,443,Director Sales,Sales,Director,Kampffmeyer Food Innovation GmbH
12,1,254,21.166666666666668,47,Sub-Stream Lead Simplify | Turnaround Programs,Project Management,Lead,Lufthansa
4,1,573,143.25,346,Chief Revenue Officer (CRO),Sales,Management,noury AG
11,1,258,23.454545454545453,93,Business Development Manager,Business Development,Professional,Nordson Adhesive Dispensing Systems
7,1,118,16.857142857142858,54,Projektleiterin Bildung,Other,Lead,myclimate
4,1,0,0.0,0,Co Owner,Other,Management,Dreamcatcher Alley
14,1,22,1.5714285714285714,13,"Practice Leader, Data Valorization Strategy",Consulting,Lead,Desjardins
4,1,154,38.5,70,i≈ü g√ºvenliƒüi,Other,Professional,Sedef Shipbuilding Inc.
16,2,610,38.125,190,Gesch√§ftsf√ºhrer bei Giganet Services GmbH,Other,Management,Giganet Services GmbH
9,1,289,32.111111111111114,92,Strategic Design Director,Marketing,Director,moodley
2,2,260,130.0,246,Museumsp√§dagoge,Other,Professional,FC Bayern M√ºnchen
9,1,165,18.333333333333332,38,Technical Team Lead,Information Technology,Lead,Nextwo Co.
1,1,0,0.0,0,Managing Director,Other,Management,WIDMER Skippers
1,1,395,395.0,395,Gesellschafter,Other,Management,Augustin Entsorgung Holding GnbH
2,1,241,120.5,207,Maschinenbautechniker,Other,Professional,VTA Verfahrenstechnische Anlagen GmbH & Co. KG
3,1,244,81.33333333333333,131,Technical Customer Service Manager - Flexible Packaging,Customer Support,Lead,Henkel
2,1,71,35.5,36,Java Software Engineer,Information Technology,Professional,Selecty
8,1,167,20.875,44,New Business Manager,Business Development,Lead,Fieldspace Property Group
9,1,140,15.555555555555555,30,Strategic Engagement Manager,Business Development,Lead,Atlassian
2,1,0,0.0,0,Projektmanager,Project Management,Professional,EDAG Engineering GmbH
9,2,248,27.555555555555557,87,Head of aws Preseed and Seedfinancing - Innovative Solutions,Other,Lead,Austria Wirtschaftsservice
7,1,241,34.42857142857143,88,Director of Product Management,Project Management,Director,Murata Vios
4,1,343,85.75,242,Executive Director of Therapies and Developmental Services,Other,Director,Children's Wisconsin
9,1,356,39.55555555555556,101,Projektmanager,Project Management,Professional,Axians NEO Solutions & Technology GmbH
5,1,148,29.6,64,Project Engineer Process Technology - Future Farming,Information Technology,Professional,K√∂rber Technologies
7,2,674,96.28571428571429,179,Kurucu Ortak,Other,Management,SOR Eƒüitim Danƒ±≈ümanlƒ±k
6,1,344,57.333333333333336,210,Digital Marketing Manager,Marketing,Professional,Cranfield University School of Management
16,8,1280,80.0,232,Trainer/docent,Human Resources,Professional,Hogeschool Utrecht
9,2,184,20.444444444444443,62,Procurement Manager Strategische Inkoop,Purchasing,Professional,Byldis
3,1,124,41.333333333333336,77,Partner,Business Development,Management,R√ºdis√ºhli Rechtsanw√§lte Part mbB
7,1,238,34.0,88,Lead Naval Architect,Other,Lead,Naval Sea Systems Command (NAVSEA) SUPSHIP San Diego
1,1,448,448.0,448,Inside Sales,Sales,Professional,Nidec Control Techniques
6,1,369,61.5,95,Key-Account-Manager,Sales,Professional,"Detlef Meyer ""DM108.de - LEH Vertrieb"""
3,1,287,95.66666666666667,169,Managing Director,Other,Management,s h e d
1,1,202,202.0,202,Berufskraftfahrer,Other,Professional,Paul Schockem√∂hle Logistics GmbH & Co. KG
5,1,0,0.0,0,Head of Glass Technology,Other,Lead,HEINZ-GLAS Produktion GmbH & Co KGaA
6,1,218,36.333333333333336,65,Key-Account-Manager,Sales,Professional,Nagel-Group
1,1,254,254.0,254,Accounting Manager,Other,Lead,Dow Jones Local Media Group
1,1,142,142.0,142,Interims Technical Manager,Information Technology,Lead,TTS NMF GmbH
5,1,128,25.6,44,Project Manager,Project Management,Professional,"MADELINE STUART & ASSOCIATES, INC."
7,1,93,13.285714285714286,36,Management Consultant Information Security and Privacy,Consulting,Professional,Cassini Consulting AG
3,1,72,24.0,48,B√ºroleiter | Pressesprecher,Administrative,Lead,Dr. Zanda Martens MdB | B√ºro D√ºsseldorf
7,1,522,74.57142857142857,243,Departementssekret√§r Finanz,Other,Professional,Stadt Zug
3,1,268,89.33333333333333,131,Managing Director,Other,Management,Aximpro
8,2,282,35.25,86,Lehrbeauftragter,Consulting,Lead,Berner Fachhochschule BFH
7,1,115,16.428571428571427,36,Manager | Mergers & Acquisitions,Other,Professional,Deloitte
3,1,286,95.33333333333333,180,Technical Transfer Leader,Consulting,Lead,Roche Pharmaceuticals
7,1,598,85.42857142857143,276,Account manager / S√¶lger Helly Hansen Workwear Sj√¶lland & Bornholm,Sales,Professional,Helly Hansen
1,1,263,263.0,263,Gesch√§ftsf√ºhrender Gesellschafter,Other,Management,agn Gruppe
1,1,358,358.0,358,Director,Other,Director,Peter van Setten Transport B.V.
4,1,274,68.5,147,Unternehmensinhaber,Other,Management,Herz Transporte und Spedition
8,1,382,47.75,92,"Board Member, CFO / Asset Management",Other,Management,KZVK
4,2,162,40.5,76,CEO,Other,Management,Tirol Werbung
9,1,183,20.333333333333332,43,Finance - AWS Global Private Pricing,Other,Professional,Amazon Web Services (AWS)
3,1,88,29.333333333333332,65,Software Developer,Information Technology,Professional,Harmonic
10,1,198,19.8,74,Vice President Global Head Order Processing / Prokurist,Other,Management,SSI SCH√ÑFER
1,1,410,410.0,410,CEO Morgenpost & TAG 24 | Vertriebsleiter S√§chsische Zeitung / Lesermark | CEO MVD √ñkoflitzer,Other,Lead,DDV Mediengruppe
3,2,576,192.0,279,Styreleder / Partner,Other,Management,Hellemyr Eiendom AS
9,1,205,22.77777777777778,72,Projektleiter Qualit√§t HV-Batterie,Project Management,Lead,Mercedes-Benz AG
8,1,329,41.125,70,Global Director Head of Portfolio and Business Development Global Service,Business Development,Director,Giesecke+Devrient
4,1,146,36.5,78,Summer Camp Counselor,Other,Professional,Thayer Academy
5,2,424,84.8,179,Project Lead for Swap Re-engineering Project,Project Management,Lead,Davidson Kempner Capital Management
6,4,749,124.83333333333333,203,Kanzler / CFO,Other,Management,Frankfurt School of Finance & Management
5,2,720,144.0,366,Personalleiter,Human Resources,Lead,Lebenhilfe Augsburg
5,2,388,77.6,160,Assistant Director of Prospect Management and Data Analytics,Other,Director,The Johns Hopkins University
3,1,332,110.66666666666667,291,"Klavierlehrer, Korrepetitor",Other,Professional,Jugendmusikschule W√ºrttembergisches Allg√§u
4,1,238,59.5,238,Managing Partner / Group Managing Board,Other,Management,Alexander Hughes Germany / Alexander Hughes International
7,1,181,25.857142857142858,100,Manager,Other,Professional,Queensland Corrective Services
16,1,779,48.6875,167,Founder and Senior Partner,Consulting,Management,Black Forest Business Solutions
4,1,367,91.75,282,Vorsitzender des Vorstandes,Other,Management,L√ñHR & BECKER Aktiengesellschaft
8,1,445,55.625,93,Head of Engineering,Information Technology,Lead,FTI Engineering Network GmbH
1,1,366,366.0,366,District Sales manager,Sales,Lead,FedEx Express
3,2,519,173.0,209,Assistant Treasurer Real Estate,Other,Junior,EFG Bank
1,1,337,337.0,337,Managing Dircector,Other,Management,NP4 GmbH
7,1,223,31.857142857142858,90,Director of Business Analysts and Special Projects,Information Technology,Director,SouthEast Bank
1,1,0,0.0,0,Robotertechniker,Information Technology,Professional,EDAG Austria
14,2,332,23.714285714285715,67,O√ñ Koordinator f√ºr das Team der Bereiche Beschlagwortung / Zustellproblem,Purchasing,Lead,Sozialversicherung der Selbst√§ndigen
12,2,319,26.583333333333332,70,Head of Content & Workflows,Marketing,Lead,IBM iX DACH
1,1,131,131.0,131,Scierie collignon,Other,Professional,SCIERIE COLLIGNON
4,1,211,52.75,118,Senior Microsoft 365 Engineer,Information Technology,Senior,Deichmann SE
5,1,149,29.8,58,Product Manager Online Catalog & Shop,Other,Professional,ZF Group
1,1,325,325.0,325,Diplom Bauingenieur,Other,Professional,ISP Stahlbauplanung
3,1,260,86.66666666666667,137,"Executive Director, Marketing Strategy Director",Marketing,Management,JPMorgan Chase & Co.
1,1,431,431.0,431,Leiter Controlling und Rechnungswesen,Other,Lead,VRG GmbH
6,1,387,64.5,215,President,Other,Management,"Liberty Civil Construction, LLC"
4,1,246,61.5,133,"Architektin, Fachgebietsleitung Technisches und Strategisches Geb√§udemanagement",Project Management,Lead,Kreisverwaltung Darmstadt-Dieburg
15,1,256,17.066666666666666,48,Co-CEO,Other,Management,VIRTWO
1,1,343,343.0,343,Vice President,Other,Management,Bogner Construction Company
5,1,0,0.0,0,Krankenhausgesch√§ftsf√ºhrer,Other,Management,Hospital Management Group GmbH
5,2,386,77.2,170,Co-Head of Bid Management CE,Sales,Lead,Atos Information Technology GmbH
10,1,303,30.3,131,Leiter IT-Service- und Betriebsmanagement,Information Technology,Lead,GO! Express & Logistics
9,1,223,24.77777777777778,44,Senior Human Resources Consultant,Consulting,Senior,Independent Contractor
6,1,101,16.833333333333332,50,Senior Legal Advisor,Other,Senior,Telenor
1,1,218,218.0,218,Physiotherapeutin,Other,Professional,TZ Garsten
1,1,74,74.0,74,Research Associate,Consulting,Junior,Fraunhofer Institute of Machine Tools and Forming Technology
5,1,176,35.2,176,Gesch√§ftsf√ºhrender Gesellschafter,Other,Management,medpirica
7,1,219,31.285714285714285,68,Finance Director Central Europe üá©üá™üá®üá≠üáµüá±,Other,Director,Harvey Nash
8,1,115,14.375,46,Senior Program Analyst (Immigration),Other,Senior,U.S. Department of Labor
1,1,159,159.0,159,Betriebsleiter,Other,Lead,Benteler Distribution
5,1,329,65.8,198,Chief Executive Officer,Other,Management,ZF Group
5,1,324,64.8,181,Chief Strategy Officer (CSO),Other,Management,Mediaschneider AG
2,1,291,145.5,179,Software Developer,Information Technology,Professional,AVL
8,2,366,45.75,199,CTO,Information Technology,Management,Vejle Brand
5,2,147,29.4,54,Projektkoordinator,Project Management,Lead,ACE Auto Club Europa e. V.
6,1,326,54.333333333333336,73,Hoofd Bouwbureau,Other,Lead,Kroon & de Koning BV
2,1,27,13.5,27,Head of Package & Installation Design IGC,Project Management,Lead,Siemens Energy
3,2,34,11.333333333333334,27,Director General Sector and Global Programmes,Other,Director,Deutsche Gesellschaft f√ºr Internationale Zusammenarbeit GmbH
7,1,524,74.85714285714286,275,Station Manager at Ground2Air in Palma de Mallorca,Other,Lead,Ground2air Assistance
1,1,240,240.0,240,Bereichs PDL,Other,Lead,St. Walburga Krankenhaus Meschede GmbH
1,1,0,0.0,0,Gesch√§ftsinhaber,Other,Management,TouchPoint Communication AG
7,1,317,45.285714285714285,111,Gesch√§ftsf√ºhrer CFO,Other,Management,APOGEPHA Arzneimittel GmbH
7,1,249,35.57142857142857,62,Senior Project Leader,Project Management,Lead,ALPS ALPINE Europe
5,1,131,26.2,131,Verwaltungsratsvorsitzender,Other,Management,Alium Technology AG
1,1,241,241.0,241,Dozent/ Ausbilder,Other,Professional,HWK Erfurt
2,1,78,39.0,78,"Teamleder arkitektur, drift og sikkerhet IT-seksjonen VID",Information Technology,Lead,VID vitenskapelige h√∏gskole
7,1,286,40.857142857142854,112,Responsable technique,Information Technology,Lead,Ecole H√¥teli√®re de Gen√®ve | EHG
11,2,530,48.18181818181818,157,Partner,Business Development,Management,Luxcenture
7,5,1066,152.28571428571428,275,Gesch√§ftsf√ºhrer und Podcast-Host,Other,Management,Mittelstars
16,1,413,25.8125,114,Business Consultant,Consulting,Professional,F Henningsen ApS
14,1,393,28.071428571428573,101,President Of The Board Of Directors,Other,Management,Instituto Vladimir Herzog
9,1,341,37.888888888888886,87,Head of Group Capital Markets,Other,Lead,Raiffeisen Bank International AG
5,1,351,70.2,110,Chairman of Board of Appeal and Member of Enlarged Board of Appeal,Other,Management,European Patent Office
9,1,338,37.55555555555556,84,Citrix Systems Engineer,Information Technology,Professional,Raymond James
6,1,59,9.833333333333334,22,Anesthesiemedewerker,Other,Professional,Amsterdam UMC
8,2,369,46.125,144,Vertriebsdirektor,Sales,Director,VR Payment GmbH
5,1,287,57.4,190,Projektleder,Project Management,Lead,Montera ApS
7,7,1821,260.14285714285717,406,Gesch√§ftsf√ºhrer,Other,Management,GENUSSMOMENTE f√ºr digitales Zusammensein
4,3,570,142.5,227,Gesch√§ftsf√ºhrer,Other,Management,BBHT Solutions S.R.L.
2,1,511,255.5,441,CEO,Other,Management,Ing. B√ºro W.Meier GmbH
7,1,323,46.142857142857146,101,Gerente de Comunica√ß√£o e Marketing,Marketing,Professional,Casas Andr√© Luiz
1,1,235,235.0,235,Gesch√§ftsf√ºhrer Finanzen,Other,Management,Karwendel-Werke Huber GmbH & Co. KG
8,1,430,53.75,138,CEO,Other,Management,A-ROSA Kreuzfahrten
1,1,359,359.0,359,Algemeen directeur,Other,Management,de Taxatheek
5,1,293,58.6,188,Executive Director,Other,Management,JPMorgan Chase & Co.
6,1,198,33.0,88,Supply Chain Lead & Master Planning,Other,Lead,ENOUGH
13,1,432,33.23076923076923,65,Chief Executive Officer,Other,Management,Switch GmbH
4,1,106,26.5,50,Information Technology Business Analyst,Information Technology,Professional,"Triad Technologies, LLC"
12,2,293,24.416666666666668,75,Global VP and Head of Sustainability Innovation,Other,Management,SAP
6,2,332,55.333333333333336,84,Vorstandsvorsitzender,Other,Management,EIKONA AG
8,1,248,31.0,96,Private Equity Investments,Other,Professional,Principal Verm√∂gensverwaltung AG
11,1,376,34.18181818181818,91,DevOps Orchestration Manager,Information Technology,Professional,University of Central Lancashire
1,1,183,183.0,183,Leiter Expansion und Projektentwicklung,Project Management,Lead,SPAR √ñsterreich
11,1,128,11.636363636363637,49,Head of Marketing: Promoting label-free cell analysis technology,Marketing,Lead,Amphasys
1,1,231,231.0,231,Kfz-Mechatroniker,Other,Professional,Autohaus Walter Mulfinger GmbH
1,1,434,434.0,434,Grafik Designer,Marketing,Professional,HEUSSINGER.de
2,1,252,126.0,196,Chief Technology Officer,Information Technology,Management,Solid Technology Solutions
10,1,275,27.5,57,Manager Regional Key Accounts Americas,Sales,Professional,Qatar Airways
7,1,162,23.142857142857142,69,Digital Project Managerin Marketing,Marketing,Professional,GE Healthcare
1,1,134,134.0,134,Mediaberater DpS - Fachzeitschrift f. Sch√§dlingsbek√§mpfung/SalesManager DpS - Pest Control Magazine,Sales,Professional,Beckmann Verlag
3,1,91,30.333333333333332,58,Head of Logistics,Other,Lead,European Union Mission in Armenia
5,1,116,23.2,61,Data Analyst,Information Technology,Professional,AXRO GmbH
3,1,287,95.66666666666667,191,kfm. Prokurist,Other,Management,WEVG Salzgitter GmbH & Co. KG
2,2,278,139.0,230,Founding Partner,Other,Management,IBD | Integrated Business Design
8,3,322,40.25,122,Directeur de la construction,Other,Director,Edusco construction
1,1,0,0.0,0,Director of Business Development,Business Development,Director,M H windows decor pvt ltd
1,1,392,392.0,392,Neutraubling,Other,Professional,Scheck Lagerhaus Transporte GmbH
2,1,222,111.0,200,Abteilungsdirektor Vertrieb,Sales,Director,ALTE OLDENBURGER Krankenversicherung AG
9,1,185,20.555555555555557,69,Data Analyst (Sustainable & Fund Finance),Other,Professional,Tetrao
3,1,67,22.333333333333332,47,Kundansvarig,Sales,Professional,Itsy
4,1,284,71.0,119,Gesch√§ftsf√ºhrer,Other,Management,FalkenSteg
4,2,310,77.5,242,Referatsleiter,Other,Lead,B√ºrgeramt Bremen
5,1,199,39.8,52,Global IT | Solution Architect Supply Chain Transportation,Information Technology,Professional,Evonik
9,1,216,24.0,78,Leiterin E-Commerce,Marketing,Lead,Musik Hug AG
2,1,503,251.5,417,B√ºroleiter,Administrative,Lead,Agentur Rinn
9,1,212,23.555555555555557,52,Managing Director,Other,Management,Eagle International Logistics
7,1,481,68.71428571428571,142,ppa. Head of Treasury & Insurance,Other,Lead,TMD Friction
5,1,115,23.0,63,Sourcing Specialist,Purchasing,Professional,GRUNDFOS
4,1,350,87.5,132,"Founder, Owner",Other,Management,Suregen Health-IT consulting
11,1,137,12.454545454545455,43,Marketplace Manager / Online Shop Manager,Sales,Professional,ONSKINERY
4,1,0,0.0,0,Vorsitzender des Vorstandes (CEO),Other,Management,Deutsche Bahn
6,1,196,32.666666666666664,117,Gesch√§ftsf√ºhrer,Other,Management,Bodensee Pharma GmbH
5,1,395,79.0,163,Teamleiter Disposition Fahrzeuge und Stv. Ressourcenplaner,Other,Lead,Kanton Aargau
9,1,254,28.22222222222222,53,Account Manager,Sales,Professional,Cisco
3,1,305,101.66666666666667,264,Head of Marketing Communications EMEA - Oxford Instruments Group,Marketing,Lead,Oxford Instruments plc
5,3,635,127.0,317,Unternehmensinhaber,Other,Management,URBANCONCEPT
7,2,405,57.857142857142854,182,Marktondersteuning,Sales,Junior,Holland Pharma
9,2,451,50.111111111111114,97,Director Code Nomads Amsterdam,Information Technology,Director,Code Nomads
3,1,93,31.0,44,Senior Customer Care Representative,Customer Support,Senior,FedEx
5,1,193,38.6,64,CTO,Information Technology,Management,VORWERK ELEKTROWERKE GMBH & CO.KG
5,1,184,36.8,95,Group Design Strategy & -targets,Other,Professional,BMW Group
9,1,477,53.0,167,CEO,Other,Management,vsonix GmbH
2,1,295,147.5,236,Managing Director,Other,Management,CPS Anwendungsberatung f√ºr die Wellpappenindustrie
12,2,176,14.666666666666666,49,Assistant Manager,Other,Lead,KPMG Austria
5,1,39,7.8,12,Lead consultant,Consulting,Lead,SCALES Group A/S
4,2,510,127.5,303,Gesch√§ftsf√ºhrender Gesellschafter,Other,Management,123BAG GmbH
3,1,163,54.333333333333336,65,Head of IT Services & Operations Management,Information Technology,Lead,JACOB Group
6,1,243,40.5,119,Teamleader IT Operations Management,Information Technology,Lead,hGears
1,1,346,346.0,346,Vertrieb,Sales,Professional,N+S B√ºrocenter
3,1,140,46.666666666666664,71,Technischer Experte f√ºr Stellwerkstechnik,Information Technology,Senior,Siemens
1,1,83,83.0,83,HR-Manager,Human Resources,Professional,HvS-Consulting AG
4,1,64,16.0,38,Operation Supervisor,Other,Lead,TAV Operation Services
7,1,353,50.42857142857143,195,Gesch√§ftsf√ºhrer,Other,Management,MorgenFund
5,1,311,62.2,123,Konstrukteur,Other,Professional,Bosch
2,1,75,37.5,38,Projektleiter in der Engineering IT,Information Technology,Lead,Daimler Buses GmbH
6,2,286,47.666666666666664,191,Retail Marketing Management,Marketing,Professional,Jaguar Land Rover Belux
7,1,209,29.857142857142858,78,Ruby Fullstack Developer,Information Technology,Professional,blueReport (cognita AG)
1,1,428,428.0,428,CEO,Other,Management,Fischer-Plastik GesmbH
7,1,355,50.714285714285715,114,Chef de projet senior,Project Management,Senior,EQUANS France
13,2,443,34.07692307692308,85,Country Manager Czech Republic and Slovakia,Other,Lead,Adform
4,2,341,85.25,152,Gesch√§ftsf√ºhrer,Other,Management,Yatego GmbH
8,1,269,33.625,89,Group CEO,Other,Management,AYRES Composite Panels
4,1,0,0.0,0,"Director, Finance and Information Technology",Other,Director,Thames Valley Children's Centre
1,1,260,260.0,260,Bergungsleiter,Other,Lead,Abschleppdienst Potsdam Nord S√ºd gmbh
6,2,478,79.66666666666667,114,Co-CEO,Other,Management,Yorizon Cloud
5,1,300,60.0,230,Aircraft Physical Security Expert,Other,Senior,Airbus
2,1,406,203.0,374,General Manager,Other,Management,BASF
4,1,417,104.25,157,Head of Regulatory Projects,Consulting,Lead,FNZ Bank SE
1,1,53,53.0,53,Owner,Other,Management,GBOH Technology
5,1,25,5.0,14,Financial Analyst,Other,Professional,Syrena Real Estate
16,1,684,42.75,164,Mentor,Other,Senior,Tandem 50
8,1,175,21.875,67,Vertriebsingenieur,Sales,Professional,Interstarch
13,2,1462,112.46153846153847,321,Professor im Ruhestand,Other,Professional,Westf√§lisches Energieinstitut
4,1,78,19.5,35,Vedouc√≠ poboƒçky Pop≈Øvky,Administrative,Lead,Liebherr Group
2,1,0,0.0,0,Lead engineer/ groepscoordinator,Information Technology,Lead,Strukton
1,1,383,383.0,383,Gesch√§ftsf√ºherer,Other,Management,Raff Sanit√§r GmbH
7,1,268,38.285714285714285,113,"Dezernat f√ºr Wirtschaft, Stadtentwicklung, Liegenschaften und Ordnungswesen - B√ºroleitung/Referent",Other,Lead,Landeshauptstadt Mainz
6,1,88,14.666666666666666,22,Senior Enterprise IT Systems Specialist,Information Technology,Senior,CETIN Serbia
7,1,134,19.142857142857142,29,Vikar,Other,Junior,Botilbuddet Katrinebjerg
9,1,217,24.11111111111111,104,General Manager,Other,Management,Rescop
9,1,210,23.333333333333332,40,Chief Sales Officer (CSO),Sales,Management,"GROB Systems, Inc"
2,1,281,140.5,231,Key Account Manager,Sales,Professional,Nestl√© Waters Deutschland GmbH
6,2,283,47.166666666666664,93,Selbstst√§ndig,Other,Professional,Sleeping Bird
9,1,111,12.333333333333334,76,Project Manager,Project Management,Professional,D18 Partners
5,1,392,78.4,204,Enseignant,Other,Professional,Universit√© du Maine-Le Mans-Laval
10,1,379,37.9,69,Senior Account Manager Public Sector,Sales,Senior,Eviden
6,1,463,77.16666666666667,235,Senior Consultant Procurement Excellence,Consulting,Senior,ThyssenKrupp AG
2,2,964,482.0,599,Rechtsanwalt,Other,Professional,Anwaltskanzlei Heinemann
5,2,240,48.0,77,Commercial Service Manager,Customer Support,Professional,Wipotec
10,1,252,25.2,50,Head of CapEx Delivery Management and Planning Site Leverkusen,Project Management,Lead,Bayer
2,1,286,143.0,286,Quality Manager,Other,Professional,Letec-Terem
3,1,234,78.0,184,Senior IT-Lizenzspezialist,Information Technology,Senior,Bechtle Schweiz AG
4,1,0,0.0,0,Strategy Director,Business Development,Director,Sodexo Defence (UK)
3,2,490,163.33333333333334,455,Unternehmensinhaber,Other,Management,Richnerstutz AG
1,1,189,189.0,189,Unternehmensinhaber,Other,Management,doxx GmbH
1,1,59,59.0,59,Managing Director,Other,Management,AWEX
6,1,275,45.833333333333336,167,Director Commercial Operations,Marketing,Director,EMEA Business Group
1,1,0,0.0,0,Betriebsleiter API-Produktion,Information Technology,Lead,Roche Pharmaceuticals
4,1,386,96.5,223,Human Resources Specialist,Human Resources,Professional,RACE FX LIMITED
1,1,196,196.0,196,49504,Other,Professional,BAUKING AG
1,1,156,156.0,156,Family Nurse Practitioner,Other,Professional,PATTON STATE HOSPITAL
7,1,186,26.571428571428573,47,Global Chief Engineer / Manager - Power Electronics (OBC/DCDC),Information Technology,Lead,Stellantis
4,2,627,156.75,299,Inhaber rido gmbh,Other,Management,rido gmbh
2,1,125,62.5,87,SAP Solutions Consultant,Consulting,Professional,All for One Switzerland AG
4,1,232,58.0,99,Senior Treasury Manager,Other,Senior,LR Global Holding GmbH
4,1,64,16.0,19,Senior Consultant,Consulting,Senior,Randstad Deutschland
9,1,194,21.555555555555557,44,Freelance Marketing Consulting / Client Service / Interim Marketing & Branding,Consulting,Professional,Alexander Klaus Freelance- & Interims- Marketing Consulting
8,1,289,36.125,60,VP Product Management,Project Management,Management,Anyline
9,2,371,41.22222222222222,138,Head of Mechanical Engiuneering,Other,Lead,VON ARDENNE GmbH
5,1,52,10.4,20,Progettista Finanza Agevolata - Research Funding & Administration,Other,Professional,Masmec S.p.A.
4,1,267,66.75,96,Software Engineer IV,Information Technology,Senior,Oracle
4,1,156,39.0,74,Communications Coordinator,Marketing,Lead,Whitefish Lake First Nation #459
7,1,313,44.714285714285715,117,Head of ICT,Information Technology,Lead,Australian Museum
5,2,1040,208.0,340,Managing Director,Other,Management,aquantus gmbh
2,1,41,20.5,41,Responsable,Other,Lead,OCB RENOV
2,1,204,102.0,166,Head of Sales DACH,Sales,Lead,PREO Software AG
12,2,509,42.416666666666664,108,Senior Partner,Business Development,Senior,IBM Deutschland GmbH
3,1,469,156.33333333333334,302,Application Consultant,Consulting,Professional,Uhlmann Pac-Systeme
7,4,749,107.0,178,Partner,Business Development,Management,Oppskv√¶r AS - for team som m√• lykkes
5,1,139,27.8,67,Postdoctoral Researcher and Lecturer,Other,Professional,Technische Universit√§t Kaiserslautern
6,1,235,39.166666666666664,92,Purchasing Manager,Purchasing,Professional,Benchmark Electrical Solutions
4,1,54,13.5,23,Postdoctoral Research Fellow,Other,Professional,University of New Brunswick
7,1,495,70.71428571428571,292,Strategic Purchasing Manager ‚Ä¢ Group Purchasing,Purchasing,Professional,Schleuniger Global
8,1,599,74.875,209,Konsult HR,Human Resources,Professional,Egen verksamhet
1,1,509,509.0,509,Leiter Verg√ºtung & Versorgung,Human Resources,Lead,Oldenburgische Landesbank AG
2,1,270,135.0,166,Produktmanager Optomechanik,Project Management,Professional,Vision Lasertechnik f√ºr Forschung und Industrie GmbH
4,1,87,21.75,55,Senior Vice President,Other,Management,LPL Financial
6,3,470,78.33333333333333,225,Researcher,Other,Professional,"Institute of Radiology, Friedrich-Alexander University, Erlangen"
2,1,180,90.0,151,Arbeitslos,Other,Professional,keine Angabe
6,1,167,27.833333333333332,71,"Senior Lecturer, Education-Focused",Other,Senior,UNSW
8,1,229,28.625,60,Director of Sales & Marketing,Sales,Director,NEIS Collective
6,1,87,14.5,31,Master Data & Demand Manager Supply Chain Management,Other,Professional,KALORIMETA GmbH
1,1,411,411.0,411,Verkaufsleitung,Sales,Lead,Gaugler & Lutz GmbH & Co.KG
13,1,226,17.384615384615383,49,Platform Support Direct Drive,Customer Support,Professional,Siemens Gamesa
7,1,285,40.714285714285715,140,Recruitment Manager,Human Resources,Professional,ErgaNet
4,1,303,75.75,114,"Vice President, National Sales Manager",Sales,Management,Schwab Retirement Plan Services
10,1,325,32.5,78,Gesch√§ftsf√ºhrer SPIE GfT GmbH,Other,Management,SPIE Deutschland & Zentraleuropa
1,1,431,431.0,431,Professor,Other,Professional,University of Tuebingen
4,1,230,57.5,87,Head of Marketing Technology (Teamlead),Marketing,Lead,Helios Kliniken GmbH
2,1,242,121.0,215,AUTOMATICIEN ELECTRICIEN,Other,Professional,Saint-Gobain Isover
4,2,284,71.0,137,General Manager,Other,Management,CCL Label
3,1,195,65.0,154,Grafikdesigner (Freelance),Marketing,Professional,marcoloeschdesign
2,1,125,62.5,78,Account Manager & Talent Acquisition Lead,Human Resources,Lead,SaiVa SysTem ‚Äì a CMMI Level III Company
2,2,740,370.0,370,Gesch√§ftsf√ºhrender Gesellschafter,Other,Management,Selbstst√§ndig
8,1,415,51.875,175,Maintenance & Engineering Manager,Information Technology,Professional,Domtar
11,2,568,51.63636363636363,135,Bereichsleiter Central Service Center,Customer Support,Lead,Bank-Verlag GmbH
2,1,34,17.0,17,Researcher,Other,Professional,AI in Complex Systems Lab - CEHC - UAlbany
2,1,323,161.5,323,Schornsteinfeger Meisterbetrieb,Other,Lead,Wagener
6,1,200,33.333333333333336,47,Senior UX Designer,Information Technology,Senior,Europris
5,1,113,22.6,45,Cloud Advisory Analyst,Consulting,Professional,Accenture DACH
3,1,402,134.0,320,Leiter Managed IT | Cloud Services,Information Technology,Lead,MSH Medien System Haus GmbH & Co. KG
7,1,268,38.285714285714285,89,Senior Manager B2B Contract & Implementation Management,Project Management,Senior,Magenta Telekom
5,1,208,41.6,71,Research Development Group Manager,Information Technology,Professional,Automotive Lighting
1,1,494,494.0,494,Head of accounting and tax department,Other,Lead,Pirelli Deutschland GmbH
8,3,75,9.375,30,Teamleiter Bestandesentwicklung,Other,Lead,Liegenschaften Stadt Z√ºrich
4,1,287,71.75,240,Juristin,Other,Professional,Datenschutz
2,1,174,87.0,125,Projektleiter,Project Management,Lead,Rudolf Klaschka GmbH
6,1,152,25.333333333333332,74,Head of Procurement,Purchasing,Lead,Det Danske Madhus
8,3,472,59.0,132,Founder and owner,Other,Management,Scandinavian Solutions
2,1,371,185.5,371,HGF,Other,Professional,Hotel An der Philharmonie GmbH
7,2,115,16.428571428571427,59,Managing Director (CTO),Information Technology,Management,Validatis
3,2,307,102.33333333333333,146,Senior Manager,Other,Senior,Robert Bosch GmbH
5,1,167,33.4,47,Cyber Security Analyst - Senior,Information Technology,Senior,"Tyto Athene, LLC"
1,1,484,484.0,484,Purchasing Senior Manager,Purchasing,Senior,TRW
5,1,309,61.8,309,Partner,Business Development,Management,Arcadia
2,1,0,0.0,0,Managing Director,Other,Management,InfoCom GmbH
2,2,261,130.5,154,"Vorstandsassistent, CMO",Marketing,Management,CONSTANT AG
7,1,179,25.571428571428573,112,Co-Founder and CEO,Other,Management,Elevate Advertising
3,2,366,122.0,167,Sub-Manager Coordination & Planning,Project Management,Lead,Airbus Helicopters
4,1,272,68.0,87,Gesch√§ftsf√ºhrer (CEO),Other,Management,Blaser Group
1,1,65,65.0,65,Vakbekwaam Hovenier,Other,Professional,Van Dijk Tuinen
4,1,440,110.0,265,Verkaufsmanager,Sales,Professional,RMS Radio Marketing Service GmbH & Co. KG
4,2,464,116.0,239,Professor of French and Francophone Studies,Other,Professional,Kennesaw State University Norman J. Radow College of Humanities and Social Sciences
1,1,163,163.0,163,HR Specialist Personnel Development,Human Resources,Professional,DB - DEUTSCHE BAHN AG
7,1,507,72.42857142857143,176,Directeur,Other,Director,Inno and Co
3,1,74,24.666666666666668,41,Senior Executive in L&D Department,Human Resources,Senior,Wow! Momo
1,1,420,420.0,420,Finance and HR,Other,Professional,Vacon srl
2,2,454,227.0,251,Gesch√§ftsf√ºhrer + Berater + Designer,Other,Management,"FZEY GmbH ‚Äì Frohe Zukunft, ey!"
9,1,147,16.333333333333332,50,PHD Student,Other,Junior,Johann Wolfgang Goethe-Universit√§t Frankfurt am Main
1,1,0,0.0,0,Dozent,Other,Professional,Z√ºrcher Hochschule der K√ºnste
8,1,173,21.625,81,"AVP, Dental Quality & Clinical Oversight",Other,Professional,MetLife
1,1,290,290.0,290,Vorstandsvorsitzender der Kick-Media AG,Other,Management,Kick-Media AG
8,2,952,119.0,256,Assistant,Administrative,Junior,ANCIENS COMBATTANTS ET VICTIMES DE GUERRE
7,1,235,33.57142857142857,92,"Gesamtleiterin Personal, Mitglied der Gesch√§ftsleitung",Human Resources,Lead,Neue Pressegesellschaft
4,1,120,30.0,120,Partner,Business Development,Management,The Strategy Group
8,1,112,14.0,50,Responsable de salle,Administrative,Lead,HOTEL - RESTAURANT L OURS DE MUTZIG
6,1,266,44.333333333333336,96,Special Education Advocate/Education Consultant,Consulting,Professional,"Svendsen and Associates, LLC"
6,2,300,50.0,154,CEO & Co-Founder,Other,Management,GEMELLii Drinks GmbH
5,2,201,40.2,66,Bauprojektleiter,Project Management,Lead,Johannes-Diakonie Mosbach
10,2,557,55.7,244,Owner,Other,Management,Stefan Wulff AB
1,1,103,103.0,103,Systemischer Berater f√ºr Organisationsentwicklung und Coach,Consulting,Professional,Ingo Wolters
4,1,345,86.25,187,General Manager/Vice President of Planning,Other,Management,Cosmetix West
4,1,291,72.75,116,Senior Diversity & Inclusion Partner,Human Resources,Senior,"Novartis, P&O Switzerland"
1,1,67,67.0,67,Managing Director,Other,Management,Weber Management Solutions
6,1,273,45.5,96,Key Account / Project Manager,Other,Lead,Werimo Group
1,1,295,295.0,295,Owner,Other,Management,Grubers Beckett
8,1,274,34.25,69,Senior Commercial Manager,Sales,Senior,Klarna
4,1,236,59.0,151,Executive Vice President Connected Software Systems & Services,Information Technology,Management,IAV
3,1,375,125.0,275,"Abteilungsleiter Vertrieb, Dipl. Bankbetriebswirt Management (ADG)",Sales,Lead,Hausbank M√ºnchen eG
5,1,216,43.2,85,HR IT Consultant,Consulting,Professional,Continental
5,1,0,0.0,0,CEO,Other,Management,Sinosteel-Tech
1,1,38,38.0,38,Bestuursassistent,Administrative,Professional,Gemeente Arnhem
3,1,152,50.666666666666664,123,Senior Data Analyst,Information Technology,Senior,instagrid
6,2,95,15.833333333333334,95,Tekniklektor,Information Technology,Lead,J√∂nk√∂ping University ILO
6,1,69,11.5,28,Trainee Solicitor,Other,Junior,Irwin Mitchell
2,1,305,152.5,267,Managing Director,Other,Management,Reinvigorate Group
7,1,398,56.857142857142854,132,Chief Operating Officer,Other,Management,Verna
2,2,463,231.5,296,Gesch√§ftsf√ºhrer,Other,Management,Bergauer-Pharmalogistik e.K.
5,1,225,45.0,75,Senior Technology Architect,Information Technology,Senior,Infosys
2,1,104,52.0,104,Director Of Food And Beverage,Other,Director,InterContinental Hotels Group (IHG¬Æ)
6,1,366,61.0,242,Managing Sr. Underwriting Director,Other,Senior,John Hancock
3,1,349,116.33333333333333,306,Head of Business Unit Finance | Executive Vice President,Other,Lead,msg global solutions
3,2,192,64.0,96,Facility Coordinator CBRE GWS GmbH,Administrative,Lead,CBRE GWS GmbH
8,2,574,71.75,210,Director,Other,Director,CCA Corporate Counsel Advisors
8,1,481,60.125,114,Associate,Other,Junior,Brunswick Group
4,1,89,22.25,49,Buyer,Purchasing,Professional,Action Sales Food Service Equipment & Supplies
3,1,241,80.33333333333333,151,Warranty Service Specialist,Customer Support,Professional,Leatherman Tool Group
5,2,377,75.4,168,HR - Talent Manager,Human Resources,Professional,Cognizant
6,2,332,55.333333333333336,204,Senior Director of Sales & SDR Germany,Sales,Director,vialytics
1,1,40,40.0,40,Addetto alla logistica,Other,Professional,GLS
2,1,62,31.0,62,CEO,Other,Management,Xsenses GmbH
7,2,518,74.0,181,Assistant Clinical Research Associate,Other,Junior,PPD
5,1,256,51.2,172,Office Administrator,Administrative,Professional,eccoform production GmbH
4,1,327,81.75,153,Regionaler Vertriebsleiter,Sales,Lead,DEWESoft Deutschland GmbH
6,1,220,36.666666666666664,66,Portfolio Manager,Other,Professional,Deutsche Gesellschaft f√ºr Internationale Zusammenarbeit (GIZ) GmbH
1,1,19,19.0,19,Inhaber,Other,Management,Innocard Loyalty AG
7,1,54,7.714285714285714,37,Technical Development Manager - Interconnect,Information Technology,Professional,"TTI, Inc. - Europe"
2,2,588,294.0,294,Partner und VRP,Business Development,Management,W√§lchli und Partner AG
1,1,61,61.0,61,Vice President,Other,Management,Winning BLW Group
2,1,35,17.5,19,Chief Executive Officer,Other,Management,Quest Equity
1,1,272,272.0,272,Programmierer,Information Technology,Professional,Einzelunternehmen
4,1,106,26.5,50,Global Mobility Consultant,Consulting,Professional,Krones
2,1,208,104.0,166,"Facharzt f√ºr Orthop√§die und Unfallchirurgie,Chirurgie Chirotherapie, , Naturheilverfahren",Other,Professional,Privatpraxis f√ºr Orthop√§die und Naturheilverfahren
6,2,271,45.166666666666664,80,Qualit√§tsmanager,Project Management,Lead,Smurfit Westrock
7,2,583,83.28571428571429,186,CEO,Other,Management,"Mimetics, LLC"
5,1,207,41.4,56,Senior Manager,Other,Senior,ALDI Nord
7,1,155,22.142857142857142,100,DayTrader,Other,Professional,Selbstst√§ndig
6,1,219,36.5,86,VP Purchasing & Supplier Quality Webasto China,Purchasing,Management,Webasto Group
5,1,38,7.6,18,Equipment Project Manager,Project Management,Professional,Clark National Accounts
2,1,148,74.0,148,"lian da information technology co., LTD",Other,Professional,"Kunshan lian da information technology co., LTD"
3,2,378,126.0,188,Business Owner,Other,Management,Washington's Best Guides LLC
7,2,416,59.42857142857143,98,Gesch√§ftsf√ºhrer - CEO,Other,Management,CROWDFOX GmbH
5,1,323,64.6,250,EVP Strategic Partnerships,Business Development,Professional,10X Health System
10,1,155,15.5,38,Senior HVAC Technician,Other,Senior,Service Experts Heating & Air Conditioning
11,2,160,14.545454545454545,133,Non Executive Director - Member of the Supervisory Board,Other,Management,AkzoNobel
2,2,126,63.0,63,Bauverwaltung,Administrative,Professional,Gemeinde Langg√∂ns
4,1,469,117.25,314,Rechtsanwalt mit Schwerpunkt Gen-/Biotechnik und Arzneimittelrecht,Other,Professional,Freiberuflich
4,1,254,63.5,124,Sports Columnist,Other,Professional,The Seattle Times
15,1,205,13.666666666666666,62,Managing Consultant - Business Transformation,Consulting,Professional,IBM Switzerland Ltd.
1,1,437,437.0,437,CEO,Other,Management,BACHMANN Group
6,1,521,86.83333333333333,162,Vorsitzender der Aufsichtsr√§te Mecklenburgische Versicherungen,Other,Management,Mecklenburgische Versicherungsgruppe
2,1,64,32.0,37,Junior Referent Landesf√∂rderinstitute,Other,Junior,KfW
4,2,356,89.0,178,Founder,Other,Management,Carlo Chincarini Coaching
13,4,241,18.53846153846154,71,Head of Sales & Partnerships,Sales,Lead,BookLogic
1,1,18,18.0,18,Public Health Consultant,Consulting,Professional,GFA Consulting Group GmbH
8,1,423,52.875,151,Vertriebsleiter,Sales,Lead,Yve!decoration GmbH
5,1,384,76.8,196,DevSecOps CoE Lead,Information Technology,Lead,Nokia
4,1,284,71.0,130,Executive Vice President Digital Customer Solutions,Marketing,Management,RATIONAL AG
4,1,631,157.75,311,Senior Financial Crimes Investigator,Other,Senior,NASA Federal Credit Union
5,1,344,68.8,141,Projektmanager Therapieberufe,Project Management,Professional,Georg Thieme Verlag KG
3,2,549,183.0,405,Leiter Zerst√∂rungsfreie Pr√ºfungen MQP,Other,Lead,Kernkraftwerk G√∂sgen-D√§niken AG
3,1,127,42.333333333333336,71,Referent Digitale Schiene,Marketing,Professional,DB Engineering & Consulting
7,1,326,46.57142857142857,81,Director Projects,Project Management,Director,Orange Lion Hospitality Consulting Sagl.
3,1,286,95.33333333333333,143,Gesch√§ftsf√ºhrer / General Manager,Other,Management,LASER COMPONENTS
4,1,279,69.75,170,Managing Partner,Business Development,Management,Engel & V√∂lkers Hotel Consulting GmbH
1,1,0,0.0,0,Diatary Aide,Other,Professional,Greenwood Health and Living
8,1,270,33.75,124,Consultant,Consulting,Professional,Freelance
2,1,80,40.0,63,Research Analyst,Other,Professional,zeb consulting
4,1,231,57.75,116,Senior Consultant Data Center,Consulting,Senior,Siemens AG
3,1,160,53.333333333333336,111,Head Of RIV Academy - Blockchain,Information Technology,Lead,RIV Technologies
4,1,107,26.75,44,Software Architect,Information Technology,Senior,PROXORA Compliance Management. Next Level.
7,1,244,34.857142857142854,111,Product and Service Manager Qualitymanagement; Solution architect,Other,Professional,Bosch
1,1,271,271.0,271,Gesch√§ftsf√ºhrender Inhaber,Other,Management,Baumanu GmbH & Co. KG
4,1,151,37.75,63,Team/Bereichsleiter,Other,Lead,B+S GmbH Logistik und Dienstleistungen
1,1,182,182.0,182,Elektrotechniker mit erweitertem Aufgabenbereich,Other,Professional,B&S Sicherheits- und Elektrotechnik GmbH
5,1,121,24.2,45,(gedelegeerd) Business owner,Other,Management,Belastingdienst
3,1,242,80.66666666666667,95,"Regional Sales Manager, Central European Region",Sales,Professional,MSA - The Safety Company
6,2,264,44.0,149,Mitglied der Gesch√§ftsleitung,Other,Management,ASH Adolf Schl√ºnder Handelsagentur GmbH & Co. KG
8,2,420,52.5,83,Chief Transformation Officer,Other,Management,CONTACT Software
7,2,376,53.714285714285715,95,General Manager:in,Other,Management,C.H. Robinson Worldwide GmbH
37,10,947,25.594594594594593,84,Business Development Agent,Business Development,Professional,dOrg
3,1,15,5.0,15,Professeur de Math√©matique particulier,Other,Professional,Ind√©pendant
5,1,254,50.8,96,Business Development Leader,Business Development,Lead,Teledyne DALSA
15,2,352,23.466666666666665,95,Mitgr√ºnderin,Other,Management,Kulturliebekoeln
11,2,405,36.81818181818182,67,Eigenaar,Other,Management,Hrodberaht Film
1,1,158,158.0,158,Automotive Sales Manager,Sales,Professional,ThyssenKrupp Steel Europe AG
12,1,441,36.75,81,Personal Trainer,Other,Professional,MOVATI Athletic
2,1,234,117.0,186,Gesch√§ftsf√ºhrer,Other,Management,ederIT.com
2,1,60,30.0,60,cultivation,Other,Professional,Holistic Industries
1,1,179,179.0,179,Pension√§r,Other,Professional,kein
1,1,10,10.0,10,Supply Chain Manager,Other,Professional,Flevorubber Extrusion B.V.
1,1,269,269.0,269,Member Board Of Directors,Other,Management,Vereinigte F√ºllk√∂rper-Fabriken GmbH & Co. KG
10,1,492,49.2,77,"Vice President, Human Resources, Health & Security Subscription Services (H3S), North Americas",Human Resources,Management,International SOS
1,1,356,356.0,356,Transport Manager,Other,Professional,Pembrokeshire County Council
2,1,90,45.0,90,Pr√©sident CCRG Hauts de France,Other,Management,habitA+
5,2,275,55.0,167,"Key Account Director Europe, Middle East & Africa",Sales,Director,Vertiv Co
5,1,203,40.6,106,Softwareentwickler,Information Technology,Professional,cooee GmbH
3,1,36,12.0,14,Radio Engineering @ TDI | Huawei SRAN & Mobile Network Testing,Information Technology,Professional,Deutsche Telekom
9,1,362,40.22222222222222,81,Advanced Purchasing - Commercial Vehicles and Services,Purchasing,Senior,Continental
2,1,300,150.0,261,Owner - CSO,Sales,Management,Lumi√©re Group A/S
5,1,69,13.8,22,Site Manager,Project Management,Professional,Voi Technology
1,1,143,143.0,143,"SAP Consultant, Gesch√§ftsf√ºhrer, Gesellschafter",Consulting,Management,STELACON GmbH
6,1,283,47.166666666666664,91,"Buying, Porecurement & Allocation",Purchasing,Professional,bonprix
5,5,834,166.8,371,Kanzler der deutschen Assoziation,Other,Management,Malteserorden
